FIPS Code,less_than_hs,hs_diploma_only,some_college_or_associates,bachelors_or_higher
1001,4291,12551,10596,9929
1003,13893,41797,47274,48148
1005,4812,6396,4676,2080
1007,3386,7256,3848,1678
1009,7763,13299,13519,5210
1011,1798,2860,1587,856
1013,2066,6244,3279,2230
1015,12315,25940,26233,14620
1017,4372,8739,7515,3163
1019,3478,7598,5391,2407
1021,5474,13348,7401,3823
1023,1737,3515,2964,1113
1025,3259,7005,4456,2050
1027,2205,3577,2678,999
1029,2198,3980,2687,1616
1031,4967,9615,12667,8044
1033,5783,14740,11366,7070
1035,1384,4516,1805,1128
1037,1652,3327,2221,1059
1039,4366,9819,8119,4020
1041,2016,3830,2157,1687
1043,10648,19668,19406,8004
1045,4651,10819,11961,6078
1047,4757,9411,8178,3854
1049,12072,16431,13241,6246
1051,7503,18232,16298,14060
1053,4878,11308,6449,3224
1055,11127,23668,24422,12815
1057,2037,4831,3387,1451
1059,4739,7601,5539,2907
1061,3672,6714,5943,2331
1063,1204,2237,1766,586
1065,1587,4303,2620,1411
1067,2509,3961,3622,2076
1069,10076,22558,23893,15672
1071,6218,15177,10429,5175
1073,44684,118636,136299,150124
1075,1737,3912,3014,1174
1077,8026,22873,17759,14948
1079,4825,9605,5954,2930
1081,8849,23026,30907,34273
1083,10098,20044,18829,16971
1085,1529,2800,1696,1037
1087,2190,3633,3760,2450
1089,20562,51126,70137,105935
1091,2118,4970,3895,2109
1093,4345,7408,6804,2715
1095,11761,19920,19887,12387
1097,37736,94715,81698,64689
1099,2113,6952,3670,1983
1101,19978,37648,42690,50254
1103,13137,25075,25790,18476
1105,1010,2172,1361,1340
1107,2680,5388,4380,2047
1109,2901,6899,4918,4580
1111,3213,5502,4454,2607
1113,6297,12237,13449,6937
1115,9488,21849,20207,9880
1117,10658,28835,43503,62431
1119,1076,2860,2408,1744
1121,11014,18881,17721,8377
1123,5546,9376,8458,5287
1125,15036,38580,35780,39660
1127,8141,16796,14765,5080
1129,1971,4886,3052,1437
1131,1675,2808,1742,889
1133,3635,6556,4764,2201
2013,380,1137,798,301
2016,435,1611,1378,703
2020,11701,44936,65951,69282
2050,1871,4550,2216,1164
2060,38,235,219,143
2068,25,423,511,668
2070,396,1078,782,639
2090,3406,13993,25045,19402
2100,46,558,621,625
2110,818,4875,8202,8666
2122,2977,12702,14977,9995
2130,697,2864,3644,2437
2150,912,2653,2868,2501
2158,847,2246,760,157
2164,110,406,254,148
2170,4808,22553,26100,14725
2180,852,2270,1507,891
2185,668,2795,1967,1075
2188,735,1964,953,557
2220,325,1683,2087,2051
2240,458,1546,1624,890
2261,300,1997,2185,1998
2282,39,148,155,100
2290,483,1383,1108,468
4001,8809,14491,16120,5529
4003,11057,21124,35205,20253
4005,7876,18310,26852,30042
4007,5378,10955,15629,7368
4009,3495,6809,9810,3592
4011,699,2032,2332,791
4012,3702,5000,5423,1928
4013,353350,644671,939477,941317
4015,22068,55982,59836,20505
4017,11720,21383,26664,10758
4019,79892,153022,232157,222733
4021,42607,87608,110668,58470
4023,6857,8398,8060,5987
4025,15683,45277,68914,45341
4027,35444,34067,43093,19912
5001,1999,4832,3633,1959
5003,2307,6027,3765,1703
5005,3581,11536,10976,5682
5007,19857,50742,45308,58000
5009,3271,8675,9844,4193
5011,1426,3105,1911,1078
5013,586,1661,1046,424
5015,2724,7134,5781,4213
5017,1431,2833,1995,1182
5019,1323,3976,4364,3508
5021,1845,4410,2947,1323
5023,2627,8007,5153,2906
5025,594,2653,1526,926
5027,2071,6116,3595,2879
5029,1876,6352,3995,2263
5031,7362,23849,19662,18091
5033,6347,15753,13409,6747
5035,5385,10768,9414,5400
5037,1883,4778,3191,1661
5039,826,2267,1442,610
5041,1482,3491,1753,1100
5043,1526,4115,3364,2656
5045,6196,23112,23378,23183
5047,1956,4930,3672,1459
5049,1275,3171,3322,1083
5051,7779,22462,25762,15464
5053,1170,5570,3600,2380
5055,3536,13792,7887,4859
5057,2491,5276,4400,2162
5059,3442,9474,8150,3227
5061,1297,3371,2921,1192
5063,3512,9451,7753,4406
5065,1653,3876,3334,1332
5067,2421,5186,3361,1239
5069,6499,18240,13726,8439
5071,3678,7082,3982,2679
5073,995,1972,1161,775
5075,1782,4340,3377,1730
5077,1632,2728,1668,726
5079,1951,4878,2481,1004
5081,960,3882,2762,1090
5083,2108,6902,4256,2043
5085,5246,17701,15363,9944
5087,2164,4903,2522,1590
5089,1700,4727,4022,2151
5091,4018,10473,10200,4970
5093,5137,10586,7757,3771
5095,1064,2077,1252,639
5097,1351,2432,2002,902
5099,562,2513,1917,853
5101,774,2026,1754,1172
5103,2286,6816,4908,2370
5105,1099,3022,2213,918
5107,2367,3833,4146,1653
5109,949,2865,2410,1301
5111,3204,7019,4265,1804
5113,2119,5136,4817,1981
5115,6286,14253,10742,9220
5117,1004,2388,1663,923
5119,25739,69244,80241,91541
5121,2093,4417,4028,1694
5123,3239,6739,6075,1861
5125,7756,25927,26944,22073
5127,1460,2853,2034,652
5129,1057,2326,1721,689
5131,13548,26385,26951,18122
5133,2510,4003,2806,1367
5135,2052,5071,4022,1261
5137,1737,3215,2987,1279
5139,4029,9509,7583,5642
5141,1820,5213,3425,1777
5143,21148,36273,36611,46968
5145,7975,20092,12382,10659
5147,853,2041,1113,655
5149,3160,5806,3673,1858
6001,135524,205980,275053,556105
6003,68,216,220,266
6005,3024,8322,13112,5837
6007,15864,33186,58310,40149
6009,3424,9759,15281,6384
6011,3932,3586,4107,2052
6013,82921,135825,235034,333398
6015,3918,6095,6724,2907
6017,9029,29137,51867,46995
6019,145232,137213,193773,127919
6021,4518,4890,6002,2541
6023,8811,20505,35024,28123
6025,33336,26782,33247,16760
6027,1508,3775,4334,3587
6029,139316,149493,160896,88094
6031,24758,23488,31040,13630
6033,6604,14169,18441,7212
6035,3807,7799,8081,2928
6037,1437059,1419449,1789308,2241079
6039,27373,24303,31659,14192
6041,12759,20018,44352,113274
6043,1283,3320,5681,3348
6045,8346,15528,22974,15157
6047,49522,40500,48248,22118
6049,1025,2224,2467,1024
6051,1135,2402,3529,2861
6053,78519,56000,73043,68106
6055,14227,17473,31432,35091
6057,4286,13957,29450,28307
6059,315045,373447,599846,880086
6061,14777,48614,99628,107378
6063,709,3773,6565,3432
6065,280136,418902,512894,347937
6067,126265,230622,354374,317319
6069,7616,9644,14012,7686
6071,270241,355250,441645,283484
6073,282031,409613,683145,871782
6075,80204,83795,127615,403716
6077,96843,132461,150446,87705
6079,16514,37609,67922,66812
6081,57386,81909,130946,281049
6083,52419,49006,79694,93973
6085,155203,188180,292055,699520
6087,24593,27933,53963,73511
6089,11275,32118,55087,28044
6091,185,766,1035,434
6093,3095,8074,13170,7343
6095,35139,72340,114484,81736
6097,40280,67371,124081,127582
6099,72491,100758,111725,58652
6101,13673,14613,22916,11424
6103,6780,13212,16990,6868
6105,752,3428,3745,1922
6107,79125,69314,83215,39697
6109,3829,11691,17313,8471
6111,85256,109206,183009,192675
6113,17179,23086,34470,52851
6115,8506,11333,20001,8193
8001,52590,92779,100196,78690
8003,1264,2742,3204,2409
8005,32339,91255,127088,187205
8007,777,2131,3462,3767
8009,359,730,961,558
8011,691,2210,1116,517
8013,10596,24916,45172,132071
8014,1439,6793,12562,26198
8015,1004,4193,5082,5244
8017,112,492,477,257
8019,102,1613,2115,3546
8021,636,1794,1747,1109
8023,532,684,1038,539
8025,540,1653,1339,351
8027,244,791,1537,1240
8029,2071,8544,6843,4835
8031,60938,85694,110587,251499
8033,86,506,469,337
8035,4158,26712,62264,128705
8037,4522,5854,9968,18161
8039,600,4422,6740,6564
8041,26003,92340,159628,174144
8043,3668,14532,11922,6820
8045,4685,10623,11811,12179
8047,76,1055,1844,1948
8049,629,3100,3456,4396
8051,278,1687,2677,5959
8053,44,160,178,321
8055,396,1546,2171,1103
8057,123,274,382,195
8059,22750,84160,120528,187387
8061,43,355,385,213
8063,544,1957,1725,972
8065,905,1433,1426,1799
8067,1771,7958,12456,17588
8069,9396,43024,67178,107189
8071,1279,3103,4087,2058
8073,374,2243,982,518
8075,1577,5114,5401,3063
8077,9849,28768,36165,29392
8079,18,110,245,324
8081,1004,3447,2879,1563
8083,1852,5449,5801,5510
8085,3266,9344,9627,7487
8087,3879,5759,5547,3216
8089,1552,3875,4452,2258
8091,86,613,1312,1840
8093,327,4373,5233,4216
8095,322,927,884,667
8097,425,2332,2607,8316
8099,1516,2027,2806,1425
8101,11721,33019,44046,24679
8103,342,1328,1585,958
8105,992,2459,2331,1873
8107,588,3751,4960,9241
8109,818,1475,1469,1067
8111,30,125,157,173
8113,193,925,1338,3593
8115,210,470,619,315
8117,1663,4194,5270,12232
8119,522,4354,6793,7062
8121,275,1171,1423,521
8123,23401,53700,65333,54106
8125,759,2285,2156,1446
9001,64195,138177,132514,308399
9003,64286,165917,155526,237493
9005,9482,40214,37265,47658
9007,6904,30810,31320,50299
9009,59146,183255,145797,209002
9011,14425,55525,55371,62636
9013,4786,25936,25192,40173
9015,9439,26994,25154,19805
10001,14834,38843,36347,28030
10003,32032,118233,94434,138627
10005,19950,52373,48136,47481
11001,44850,83185,76822,289259
12001,11957,34349,45426,70092
12003,2726,8115,5699,2525
12005,11994,39827,46154,30463
12007,4049,8036,5835,1959
12009,33886,122936,146837,131166
12011,150481,372500,397726,441489
12013,2431,4375,2717,1001
12015,14035,51644,48724,35031
12017,13432,42963,37992,21141
12019,11852,44850,51802,36062
12021,36295,72916,70200,102709
12023,6721,17782,16754,7198
12027,6993,11586,4806,3049
12029,2701,5420,3104,1302
12031,65245,177939,204275,192175
12033,20096,57442,77512,56000
12035,6514,28792,27508,21038
12037,1764,3154,2493,1712
12039,6485,11639,8812,5215
12041,1793,5168,3666,1642
12043,2604,3902,2567,1139
12045,1739,4283,3632,2300
12047,2801,4711,2053,823
12049,3991,8576,3117,1786
12051,8647,8659,6235,2130
12053,16900,49113,47711,25716
12055,11274,30650,23513,13591
12057,110378,264095,272909,326431
12059,3001,5727,3843,1509
12061,12609,36070,35313,34512
12063,6848,13490,10340,4416
12065,1980,3809,2744,2447
12067,1469,2308,1463,698
12069,26877,82048,85538,61408
12071,64308,171793,162039,156706
12073,11158,32737,48716,79612
12075,4476,12179,9351,3609
12077,1111,2731,1262,858
12079,2582,5400,3707,1906
12081,29576,86265,85719,85483
12083,32755,97192,80597,53003
12085,11083,30513,39239,41795
12086,355100,522159,466710,570125
12087,5105,15888,18032,20467
12089,5316,19369,18344,18053
12091,10654,34653,51191,43580
12093,6608,11434,7627,3283
12095,103704,220379,267476,312816
12097,30805,72560,78185,50606
12099,123394,257316,297944,393340
12101,40030,126435,122704,91560
12103,64593,207322,234393,235088
12105,71051,165074,143280,95851
12107,9501,21550,14794,6432
12109,8976,37117,49792,77518
12111,31108,75469,71562,49132
12113,10582,32739,44953,33892
12115,23136,96873,96364,118657
12117,18561,68681,109047,128662
12119,8817,34071,33639,35684
12121,5499,12119,8700,4817
12123,3418,7055,4283,1344
12125,2636,4194,3356,1032
12127,37726,126218,139261,94124
12129,2865,8451,7749,4278
12131,5429,14252,16072,14275
12133,3352,7175,5116,2238
13001,3081,4758,3241,1208
13003,1705,1805,1054,636
13005,1318,3116,2151,769
13007,436,852,671,290
13009,4004,9873,7737,6556
13011,3125,4926,3171,1736
13013,8031,17703,16328,9857
13015,11501,23463,22190,13091
13017,1838,5052,3016,1255
13019,2767,5597,3319,1510
13021,13999,30466,30093,25373
13023,898,3212,2270,1471
13025,2700,5691,3246,1131
13027,1645,3875,3580,1965
13029,1955,5675,7987,7740
13031,5384,11591,14110,11472
13033,2933,5644,4201,1950
13035,3295,7593,4017,2078
13037,1277,1729,1275,429
13039,2917,10824,11859,8029
13043,1633,2685,1943,936
13045,11397,24742,22367,15625
13047,5755,15115,15257,9832
13049,2365,3670,2304,806
13051,19626,47070,62379,65257
13053,293,1452,1867,1510
13055,4477,6862,4240,1528
13057,13131,37271,52311,63567
13059,8525,14117,17071,31201
13061,439,797,686,275
13063,26680,59157,55653,34324
13065,1366,1503,1119,443
13067,39843,93253,132007,238686
13069,6852,10497,7193,3675
13071,7447,11456,6821,3764
13073,7261,23829,32576,36382
13075,2358,4108,3311,1525
13077,10388,27378,29057,28989
13079,1468,3483,2839,916
13081,2603,5698,4704,2136
13083,2139,4191,3096,1685
13085,2247,5102,4812,5364
13087,3101,6520,5679,2444
13089,54396,106359,123876,225060
13091,2143,6570,4036,2123
13093,2214,4073,2432,1200
13095,9579,17371,18284,12306
13097,11300,28110,27097,26093
13099,1338,2535,1924,1029
13101,721,1170,628,271
13103,4608,14781,12148,7896
13105,2885,5470,3461,1557
13107,3186,6076,3681,1938
13109,1716,2800,1555,1136
13111,2624,6556,6131,4262
13113,3559,15941,21497,35275
13115,11383,22254,17642,13537
13117,10430,23028,35924,78687
13119,2748,6103,4185,2469
13121,52085,124030,153992,370539
13123,4076,7894,5769,4559
13125,444,835,525,237
13127,7039,15796,18645,17652
13129,8437,13317,10807,5598
13131,3364,6634,4576,2359
13133,1893,4291,3225,3454
13135,71956,130107,165647,215339
13137,6173,10507,7747,5857
13139,27103,35963,34866,31756
13141,1703,2841,1479,567
13143,3736,7186,6055,2938
13145,1870,5669,8870,7503
13147,3452,6887,5378,2924
13149,1646,3651,2091,705
13151,12763,46090,45282,41430
13153,8489,27171,36365,28448
13155,1157,2507,1631,943
13157,7310,14741,13398,10408
13159,1662,3676,2936,1370
13161,2020,3764,2949,1002
13163,2511,4448,2634,1052
13165,1212,2618,1556,461
13167,1732,3202,1398,637
13169,2140,7706,5951,3846
13171,1573,4789,3860,1922
13173,1372,2593,1757,1128
13175,4476,13687,8424,5152
13177,1768,5757,6903,4908
13179,3302,11201,14511,6488
13181,1029,2287,1534,914
13183,1446,4069,4156,2043
13185,9101,21391,20377,17240
13187,3113,6197,5717,5390
13189,2346,5878,3913,1979
13191,1640,4133,3336,1948
13193,2516,3313,2863,835
13195,3394,8012,5007,3734
13197,1342,2148,1750,812
13199,3005,5892,4377,1541
13201,715,1500,1319,575
13205,3473,6023,4263,1480
13207,2729,6344,4878,5109
13209,1102,2298,1669,966
13211,1582,4620,3965,2653
13213,7748,9912,6148,2665
13215,15197,34791,44402,32751
13217,9260,23398,22915,13695
13219,1364,4820,5708,13063
13221,2125,4077,2496,1790
13223,10991,34001,34988,23413
13225,3006,5270,5763,3631
13227,3351,7192,7013,5288
13229,2153,5543,3638,1628
13231,1477,5214,3656,2131
13233,5838,10416,7472,3773
13235,1581,3070,2600,1098
13237,1947,5897,4177,3666
13239,620,622,389,124
13241,1933,4199,3494,3069
13243,1194,1676,1334,482
13245,20935,41418,41393,28268
13247,6640,18584,18274,15542
13249,421,1182,1337,452
13251,1608,4035,2582,1497
13253,841,2294,1890,971
13255,8078,17735,10799,7917
13257,3125,6727,3911,3664
13259,1560,1781,954,595
13261,3533,6598,5430,3474
13263,831,2141,1159,570
13265,358,570,207,100
13267,4322,6817,4387,2354
13269,1217,2124,1603,715
13271,3580,5695,1741,1043
13273,1350,1939,2033,673
13275,4603,9585,8690,7514
13277,4662,8942,7515,4671
13279,3492,6587,4633,2835
13281,855,2537,2541,2551
13283,1237,1923,965,583
13285,7589,16060,13380,8691
13287,1046,2116,1751,650
13289,1594,2377,1478,726
13291,1988,6173,5899,4087
13293,3177,6884,5474,2394
13295,8749,17105,14622,8070
13297,7982,21932,17745,13234
13299,4555,9600,6613,3710
13301,1045,1550,823,481
13303,2672,6374,3464,1762
13305,3328,8405,5698,2595
13307,389,763,449,275
13309,1039,2739,911,735
13311,3103,6482,6612,4769
13313,20504,19772,16324,10556
13315,1138,2900,1553,775
13317,1130,3048,1796,954
13319,973,3142,1454,678
13321,2434,6072,4155,1562
15001,10886,42737,46398,41656
15003,55514,176669,211147,238767
15005,6,17,24,15
15007,3842,15313,16988,14909
15009,9473,36912,39613,32119
16001,14898,68859,105494,118604
16003,313,1119,1098,679
16005,4095,14352,20715,15104
16007,258,1527,1441,750
16009,807,2491,2198,987
16011,2988,8627,10080,5848
16013,1796,4052,4402,5609
16015,327,1756,2104,1560
16017,2955,9615,12004,7687
16019,5575,17620,24392,21686
16021,670,3480,2390,1616
16023,138,689,776,309
16025,49,316,248,119
16027,19948,42930,46038,24974
16029,387,1425,1755,837
16031,2293,4166,4934,2600
16033,221,154,108,67
16035,649,2402,2512,1211
16037,339,913,1164,779
16039,1689,4486,7449,3140
16041,769,3003,2766,1409
16043,1130,2538,2919,1825
16045,1458,4420,3992,2092
16047,2040,3413,2616,1672
16049,1147,4369,4191,2393
16051,1619,4191,6574,4060
16053,3284,4415,4390,2322
16055,7465,29662,44412,27458
16057,928,4404,6851,10134
16059,469,1793,2306,1357
16061,313,805,1112,486
16063,787,1118,1111,345
16065,668,2485,7244,5948
16067,2691,4154,4275,1821
16069,2228,9001,10366,6419
16071,268,955,1045,468
16073,1799,2515,2322,905
16075,2189,5300,5386,2391
16077,1031,1621,1560,751
16079,1271,3402,3466,1062
16081,481,1278,2788,3155
16083,6973,14682,21230,11146
16085,460,2272,3200,2588
16087,1066,2406,2485,1164
17001,3451,16335,14829,11510
17003,605,1832,1480,580
17005,1266,3888,3904,2683
17007,4829,12192,9775,8212
17009,826,1825,1528,684
17011,2165,8630,7928,4859
17013,294,1516,1183,497
17015,942,4066,3573,2082
17017,1358,3663,2198,1284
17019,6099,26859,34093,54913
17021,2439,9892,7298,4046
17023,786,4371,3612,2172
17025,1123,3605,3212,1398
17027,2649,8516,9597,5958
17029,2846,10048,11512,8555
17031,461880,829451,903730,1392515
17033,2066,3938,5421,2351
17035,716,3054,2670,1175
17037,4727,15289,21524,19856
17039,965,4297,3694,2425
17041,2200,4378,4062,2473
17043,44483,115986,161269,313945
17045,1256,4721,4496,2182
17047,362,1560,1966,628
17049,1622,8368,8077,5312
17051,2479,6146,4951,1727
17053,888,3299,3117,1983
17055,3045,9079,10781,4603
17057,2888,8779,9309,4467
17059,485,1474,1343,402
17061,879,4444,2818,1195
17063,2296,11417,12329,7756
17065,745,2022,2036,987
17067,850,4737,4645,2722
17069,609,967,1093,322
17071,447,2115,1585,929
17073,3041,11660,11819,8054
17075,2071,7842,6655,3129
17077,2840,8436,11811,11955
17079,687,2629,2288,1113
17081,3328,8101,10293,4750
17083,1182,5920,5062,3095
17085,1247,5788,5064,4032
17087,1635,2906,3195,1472
17089,53281,78727,99382,114683
17091,8599,25057,24087,15139
17093,5986,18127,26459,28658
17095,3849,12865,11797,6661
17097,42861,95007,112368,207440
17099,8816,27542,27133,13784
17101,1793,4113,4186,1764
17103,2804,8446,9181,4547
17105,2567,11372,7743,3752
17107,2299,7196,6819,4059
17109,1171,5686,5494,5873
17111,14270,55175,67035,71708
17113,4248,25798,27787,46998
17115,6968,25742,23933,16058
17117,2805,12850,10698,5934
17119,13961,55164,66200,49613
17121,2895,9231,10131,3979
17123,599,3309,2908,1588
17125,1067,4220,2994,1582
17127,1326,3365,3934,1396
17129,518,3130,2994,2093
17131,899,4408,3894,1934
17133,974,6674,8036,8460
17135,2581,8237,6637,3498
17137,2168,9574,7463,4589
17139,1509,3303,3237,1845
17141,3475,11891,12579,7624
17143,11163,33934,40209,37594
17145,2572,5636,5270,1931
17147,709,3930,3635,3310
17149,1238,4236,3523,1951
17151,467,1199,1231,435
17153,438,1413,1556,487
17155,309,1614,1609,701
17157,3674,8752,7905,3124
17159,1197,3287,4201,2310
17161,11278,29198,35313,23342
17163,15958,50187,62235,49954
17165,2278,4702,6845,3288
17167,10302,37131,42032,47107
17169,550,1850,1735,1060
17171,231,1696,1063,562
17173,1200,6922,4836,2619
17175,337,1615,1266,661
17177,2392,11204,12158,6261
17179,6791,29594,32368,24535
17181,1418,4333,3822,2659
17183,6097,21768,17169,7791
17185,770,2508,3410,1486
17187,1496,3582,3573,2556
17189,787,3373,3829,2113
17191,1390,4022,4341,1772
17193,999,3712,3681,1541
17195,3695,14823,13608,7162
17197,40481,121538,134770,154876
17199,3662,14787,17561,11575
17201,23914,61568,64136,44364
17203,1363,8160,7884,8651
18001,3248,8620,6088,3284
18003,25804,68442,79036,69013
18005,5276,17270,14703,18737
18007,591,2504,1809,941
18009,900,4216,2242,1145
18011,2749,8436,10786,21336
18013,903,3756,3469,3303
18015,1619,5716,4340,2336
18017,3775,10301,8287,3443
18019,8522,27939,27181,17099
18021,1574,7980,5569,3104
18023,3036,9142,5527,3453
18025,1445,3394,1786,764
18027,5387,6989,5472,2717
18029,3556,13327,9555,7831
18031,1618,7853,4706,3684
18033,2827,12221,8680,5221
18035,7298,24955,21928,16859
18037,3071,10971,7783,6793
18039,24936,45057,34079,25613
18041,2907,6823,4339,2153
18043,4899,16416,16116,15732
18045,1267,5035,3503,1712
18047,1967,6609,3683,3287
18049,1692,5625,4337,2188
18051,1853,9332,7516,4107
18053,5634,17822,12713,7888
18055,2745,9366,7272,3381
18057,6748,31346,47335,124554
18059,3666,16857,15091,15868
18061,3236,11097,8434,5230
18063,6540,29955,32107,40319
18065,3673,15031,10006,5652
18067,5979,20459,18263,12282
18069,2042,10344,7611,5022
18071,3803,12556,8599,5014
18073,2654,9735,6930,3213
18075,1646,6723,3809,1567
18077,2298,9448,6576,3989
18079,2315,8687,5682,2278
18081,8090,31891,29001,33485
18083,2772,8764,8825,4149
18085,7567,18395,14536,12328
18087,8649,6909,4703,2370
18089,37191,114960,101723,73988
18091,8903,30572,23833,13914
18093,3778,13593,9714,5078
18095,10441,35520,27541,16578
18097,87377,175257,170346,193422
18099,4630,11918,8140,6047
18101,848,3041,2253,978
18103,3459,10480,7767,3249
18105,6143,18748,20968,38637
18107,2666,10748,7881,4725
18109,5736,18964,15221,8323
18111,1412,4239,3080,1176
18113,5168,13231,8791,4330
18115,541,1889,1306,643
18117,2282,6317,3481,1481
18119,2183,6637,4179,1960
18121,1661,4876,4056,1443
18123,1321,6090,4010,2194
18125,1151,3637,2695,1230
18127,7417,40530,34819,32880
18129,1181,6852,5972,3928
18131,1005,4016,2586,1112
18133,2762,10512,7374,4162
18135,2164,7521,5152,2484
18137,2054,8400,5317,3473
18139,1456,5346,3112,1602
18141,20212,54163,49695,52101
18143,2760,7158,4564,1966
18145,3911,13101,8107,5765
18147,1368,6628,4210,2188
18149,2385,6656,4881,1875
18151,2103,9414,7074,5168
18153,1680,6592,4838,1804
18155,1171,3363,1928,791
18157,8855,26901,29086,40984
18159,1159,4419,2579,2671
18161,633,2184,1288,933
18163,12306,40315,37927,33511
18165,986,4731,3644,1552
18167,8059,22137,21625,17408
18169,2426,9224,6070,3923
18171,473,2456,1810,1141
18173,2898,13402,13590,12992
18175,2890,8330,5518,2591
18177,6163,16997,14095,8295
18179,1471,7628,6420,3454
18181,1868,6917,5120,2720
18183,1906,9160,7464,4842
19001,296,2074,1800,945
19003,166,1042,1040,414
19005,1135,3811,3008,1718
19007,876,3251,3320,1454
19009,424,1495,1423,688
19011,1050,6555,6221,3925
19013,7204,25525,26629,24360
19015,1128,5848,6879,4691
19017,591,5412,5389,5036
19019,826,5398,4763,3018
19021,2708,3812,3567,2477
19023,770,3903,3833,1775
19025,433,2659,2599,1306
19027,889,5045,4749,3079
19029,1119,3538,2802,1872
19031,573,4872,4636,2870
19033,2239,9341,11771,7217
19035,563,2931,2869,1819
19037,594,3617,2651,1427
19039,782,2485,2103,1020
19041,732,3917,4138,2585
19043,1279,5492,3688,2250
19045,2970,12654,11177,5849
19047,2204,4152,3172,1584
19049,2484,10067,15685,28669
19051,944,1819,1740,1089
19053,529,1813,1286,1212
19055,979,5045,3807,1961
19057,2184,9177,10545,5523
19059,510,3351,4610,4277
19061,4731,21221,18955,19947
19063,604,2127,2526,1219
19065,1142,5453,4657,2518
19067,1076,3846,3791,2148
19069,630,2544,2633,1272
19071,393,1677,1977,941
19073,415,2502,2211,1176
19075,470,2724,3027,2407
19077,519,2934,2591,1492
19079,709,3416,3859,2566
19081,511,2792,2550,1829
19083,919,4220,4492,2524
19085,838,3676,3445,1923
19087,1017,4915,5044,2681
19089,571,2511,2203,995
19091,481,2482,2317,1421
19093,325,1861,1716,891
19095,697,4188,4267,2124
19097,1015,5726,4280,2618
19099,1586,10765,8787,4889
19101,928,3812,4602,4294
19103,4429,14245,22636,46226
19105,1124,5805,4880,2866
19107,510,2888,2451,1308
19109,640,3938,4105,1842
19111,1706,9902,8657,3980
19113,8290,40706,51669,49890
19115,1226,2909,2433,1148
19117,472,2458,2012,1014
19119,717,2827,2500,1577
19121,634,4014,3643,2691
19123,1170,5914,4573,3287
19125,1469,7504,6678,6329
19127,4280,9062,8174,4981
19129,745,3519,3572,2491
19131,597,2790,2494,1383
19133,490,2434,2457,970
19135,659,2100,1680,932
19137,668,2459,2569,1290
19139,3159,10099,9214,6163
19141,752,3823,3205,1798
19143,491,1555,1444,760
19145,944,4061,3877,2253
19147,449,1795,2335,1566
19149,1159,5696,6066,3899
19151,381,1921,1844,731
19153,26967,77802,96514,116749
19155,6658,20652,22321,13567
19157,730,4564,3595,3144
19159,250,1271,1188,737
19161,500,2562,2489,1390
19163,8374,34586,36685,37124
19165,624,2910,2877,1825
19167,2022,6254,6419,6030
19169,1445,8859,14281,26227
19171,1014,4652,4120,1834
19173,419,1641,1588,617
19175,822,3000,3099,1518
19177,542,1953,1798,725
19179,2839,8369,8231,4512
19181,1527,10127,10749,10498
19183,1275,5834,4510,3243
19185,528,1936,1346,553
19187,2349,8347,9046,4912
19189,538,2428,2603,1548
19191,632,4382,4197,4054
19193,8510,21167,20924,15217
19195,353,1921,2080,921
19197,677,3264,3384,1526
20001,693,2830,3297,1740
20003,469,2196,1616,944
20005,736,3889,3276,2234
20007,285,1085,1181,665
20009,1879,5714,6530,3736
20011,827,3000,3637,2066
20013,445,2446,2269,1388
20015,3293,11330,16152,13044
20017,149,529,678,464
20019,320,832,857,379
20021,1403,4536,5204,2716
20023,123,590,645,552
20025,74,384,586,369
20027,403,1987,1747,1505
20029,423,1894,2246,1438
20031,425,1871,2105,1432
20033,76,435,537,200
20035,2180,6984,9099,5084
20037,1837,6808,7666,6950
20039,129,760,774,484
20041,1115,4327,4617,2985
20043,484,1839,1623,1057
20045,3231,12818,19072,34607
20047,309,596,826,382
20049,217,802,571,294
20051,1168,4696,5255,6335
20053,379,1552,1708,882
20055,6238,4772,6838,3673
20057,5378,5142,6214,3604
20059,1341,6432,5848,3492
20061,1138,4560,8331,4247
20063,153,698,695,379
20065,141,605,683,470
20067,1013,1143,1597,655
20069,855,850,1309,764
20071,105,218,267,220
20073,335,1602,1598,880
20075,319,664,370,312
20077,401,1512,1327,628
20079,2169,5397,7618,7543
20081,685,478,894,425
20083,117,273,517,403
20085,480,3487,3156,1807
20087,859,5261,4056,3070
20089,151,869,755,425
20091,16130,57706,101879,223462
20093,555,747,664,340
20095,334,1716,1880,1270
20097,191,438,534,454
20099,1410,4397,5432,2591
20101,61,340,420,246
20103,4268,15417,17698,17187
20105,143,662,841,486
20107,702,2658,2375,1105
20109,172,539,886,318
20111,2336,5838,6260,5469
20113,1698,5415,6874,5435
20115,692,2489,2969,2054
20117,529,2862,2108,1280
20119,532,726,937,559
20121,917,7216,7801,6766
20123,215,1260,1593,1082
20125,2452,6400,8810,4282
20127,356,1460,1360,865
20129,298,521,721,322
20131,386,2634,1923,1680
20133,993,3508,4327,1950
20135,191,653,850,408
20137,437,1385,1420,750
20139,1016,4297,3564,2115
20141,154,878,906,598
20143,207,1444,1434,999
20145,465,1640,1882,969
20147,285,1364,1268,811
20149,868,4386,4731,5096
20151,483,1520,2249,1850
20153,78,550,774,444
20155,4946,11937,17183,9003
20157,139,1179,1225,871
20159,525,1824,2464,1421
20161,1602,7200,11732,17213
20163,406,1090,1262,828
20165,172,651,844,518
20167,602,1373,1901,1165
20169,3162,11147,12640,10141
20171,501,869,1042,809
20173,34504,87563,107875,102670
20175,4356,3714,3432,1421
20177,9375,37832,36081,37290
20179,71,620,726,400
20181,314,1240,1649,892
20183,188,970,941,602
20185,269,847,1042,728
20187,274,377,382,242
20189,767,909,1364,481
20191,1204,5450,5326,3636
20193,338,1324,2220,1133
20195,144,664,795,530
20197,218,1648,1715,1143
20199,57,276,390,347
20201,324,1571,1178,784
20203,201,412,578,309
20205,690,2035,2282,990
20207,215,812,884,397
20209,22058,33514,29906,18934
21001,2697,5153,3280,2069
21003,2574,5557,3961,2325
21005,1554,5623,5092,3100
21007,721,2047,1959,897
21009,5067,12561,7366,4878
21011,1899,3379,1744,1188
21013,5746,7280,4163,1733
21015,5877,23573,28753,27538
21017,2253,5012,4063,2732
21019,4021,11550,11925,6613
21021,2580,6710,5698,5038
21023,817,2655,1498,756
21025,2248,3382,2178,1399
21027,2240,6314,3819,1677
21029,6444,23261,17957,8235
21031,1830,3857,2049,1253
21033,1163,4031,2394,1369
21035,2541,7755,6975,6885
21037,5888,17981,16700,23136
21039,559,1357,939,500
21041,1560,2890,2138,590
21043,3876,7497,4903,2340
21045,2637,4464,2499,1406
21047,5872,12619,14796,7360
21049,3489,8661,8042,5090
21051,5132,5136,2842,1430
21053,1908,2839,1651,731
21055,1030,2674,1831,832
21057,889,2097,1240,649
21059,6777,23134,22323,15552
21061,1925,3458,2511,903
21063,1380,2400,1212,539
21065,2467,4630,2018,997
21067,18266,40802,58237,90867
21069,2011,3973,2610,1268
21071,6353,9685,6706,2909
21073,3914,11139,9870,10617
21075,909,1627,1227,583
21077,1100,2581,1481,680
21079,2351,4592,3267,2180
21081,2159,7631,4235,2082
21083,3167,9939,7701,4371
21085,3314,7678,4998,1878
21087,1946,3001,1948,1045
21089,2789,9118,9088,4342
21091,849,2528,1784,667
21093,6783,21820,27330,15783
21095,5093,6462,5117,2025
21097,2321,5220,3512,1891
21099,3000,5081,3080,1440
21101,4187,11505,10461,5817
21103,1620,4491,3357,1426
21105,654,1369,743,519
21107,4204,12778,9415,5228
21109,2378,4003,1702,1296
21111,49799,141612,161586,177361
21113,4416,10612,9486,10260
21115,3078,5763,4453,2589
21117,11406,32272,33180,35671
21119,2633,3559,2801,1570
21121,5572,7976,4484,2984
21123,1589,3902,3225,1229
21125,7891,16271,11465,6017
21127,2692,4603,2467,1056
21129,1582,1802,1168,410
21131,2105,3074,1528,638
21133,3873,5894,4227,1934
21135,2282,4042,2263,855
21137,3411,7238,4098,2203
21139,1092,2933,1905,796
21141,2773,8190,4440,3018
21143,801,2696,1957,1109
21145,4385,14406,16013,11137
21147,2840,4961,3443,871
21149,818,2663,2105,870
21151,6960,15609,15945,17121
21153,2644,3182,2080,830
21155,2390,5842,3029,1626
21157,2573,8664,7082,4359
21159,2172,3301,2006,991
21161,1610,4079,3780,2289
21163,2184,6848,6529,3741
21165,1062,2102,1010,525
21167,2355,5548,4398,2795
21169,1719,2711,1689,913
21171,1867,2916,1567,1066
21173,2895,7666,5497,2980
21175,2337,4072,2202,1234
21177,3884,9736,5385,2735
21179,3169,11536,10691,5584
21181,1175,2045,1207,432
21183,2735,7039,4363,2234
21185,2690,9008,13421,18500
21187,1565,3518,1662,829
21189,965,1137,488,499
21191,1628,4408,2698,1332
21193,4329,6189,5530,2699
21195,9729,16650,10361,5514
21197,1651,3354,2041,1333
21199,7756,16103,13857,7440
21201,230,577,454,246
21203,2561,5160,2806,1349
21205,2257,4758,3668,3572
21207,2704,4769,3249,1843
21209,3205,10800,11491,10104
21211,4368,9809,10149,8059
21213,1600,5510,3430,1740
21215,1250,4713,4389,2636
21217,2148,6539,4730,3268
21219,1836,3298,1934,1078
21221,1237,3424,3945,1707
21223,1034,2784,1344,849
21225,949,4555,2967,1054
21227,9275,20786,22825,25141
21229,1315,3473,1868,1539
21231,3738,5689,3463,1813
21233,1587,4255,2296,906
21235,4283,8520,5559,4714
21237,1460,1937,1329,448
21239,1636,5450,5033,6183
22001,8673,17035,10019,5478
22003,3633,7928,4314,2020
22005,9065,25794,23815,21099
22007,3972,6978,3051,1485
22009,6441,10500,7409,3407
22011,3625,9393,7270,4396
22013,1502,4212,2529,1213
22015,8645,24841,29032,21026
22017,21539,55944,49357,39063
22019,17569,45462,40695,29704
22021,1575,2869,1371,933
22023,735,1938,1527,609
22025,1712,2627,1405,917
22027,2448,5206,2777,1527
22029,2633,5424,3356,1870
22031,3229,7888,4653,2744
22033,26721,76551,79298,98011
22035,1439,1979,1032,435
22037,2846,6202,3402,1814
22039,5301,9075,4936,2543
22041,3386,5696,2826,1621
22043,2806,7494,4343,1356
22045,9379,20440,10602,6344
22047,4689,9522,5622,3202
22049,2174,4782,2702,1574
22051,43782,94119,85605,82018
22053,3893,8394,4987,3508
22055,18380,49247,40821,53472
22057,14486,26988,13838,11257
22059,2244,4250,2146,1365
22061,2977,6926,6721,9200
22063,13601,34956,25149,18083
22065,1966,2778,1812,963
22067,3491,7322,4043,2213
22069,2666,8079,7872,4381
22071,37349,63287,72591,104257
22073,13611,34480,28516,24489
22075,2493,5435,4474,2926
22077,3102,6048,3936,2294
22079,12593,31930,24227,18162
22081,1114,2499,1373,804
22083,2996,5643,3335,1818
22085,2361,7717,4275,2206
22087,5999,9879,10898,3502
22089,3513,12147,10650,8895
22091,1665,2854,1658,1236
22093,2142,6020,4080,2391
22095,3998,11146,9008,4566
22097,12527,22163,11177,7937
22099,6510,15443,8759,5217
22101,5932,17597,7450,3531
22103,16481,46450,52423,58978
22105,14055,31924,22777,17143
22107,715,1462,633,361
22109,15594,28864,18115,11537
22111,2245,7033,3708,2700
22113,8834,16459,8946,5656
22115,3979,12142,8758,5293
22117,6475,14078,7317,3650
22119,4390,11427,7203,4192
22121,2262,6564,4941,3880
22123,1629,3518,1642,901
22125,2070,3680,3014,2792
22127,1849,4660,2253,1420
23001,7337,26495,23878,17016
23003,5746,18745,16113,9676
23005,10265,46947,53657,100732
23007,1605,8210,6422,5352
23009,2468,12804,12142,14158
23011,6569,28732,27925,24649
23013,1930,9883,8135,10066
23015,1824,9050,6636,8811
23017,3452,17991,13164,8225
23019,8650,36204,33134,29900
23021,1255,5251,4009,2373
23023,1593,7955,7347,9652
23025,4334,15093,11790,6159
23027,2291,9406,8349,9174
23029,2473,8788,6754,5092
23031,10193,45035,46200,48853
24001,4889,20856,14748,9428
24003,29790,93242,106249,164303
24005,49009,148205,151661,226425
24009,3316,18963,19998,20269
24011,3543,8996,5866,4152
24013,8471,34296,31423,42417
24015,7471,25643,20865,16976
24017,7282,33815,34794,30913
24019,2784,8884,6510,4880
24021,12801,41274,46084,70751
24023,2189,9298,5488,4497
24025,12824,45434,52409,64164
24027,9716,28992,41894,134698
24029,1584,4159,3295,4895
24031,64699,96230,134418,422553
24033,81715,159137,171566,203856
24035,2389,10146,9770,12801
24037,7603,22498,20524,23702
24039,3181,6761,4627,2456
24041,2446,6832,7323,11338
24043,13442,38312,30279,23046
24045,8250,20843,17887,17576
24047,3417,12527,12002,11440
24510,62652,123310,102488,135188
25001,7525,39331,46979,72020
25003,8016,27188,26268,31156
25005,56196,117579,106466,112574
25007,662,3032,3368,5762
25009,58243,136027,132312,216380
25011,3572,15124,14626,19824
25013,45075,97330,88909,86136
25015,5257,22669,23815,48392
25017,73690,213958,203445,632232
25019,358,1625,1881,4328
25021,29865,94532,103634,263397
25023,25364,99923,98761,135077
25025,75529,122379,100517,254858
25027,52592,157828,151168,206929
26001,907,3346,2818,1443
26003,707,3161,1906,1218
26005,7147,29818,23970,17818
26007,1721,7122,8505,3807
26009,1456,5507,5458,5035
26011,1312,4770,3875,1433
26013,673,2534,2048,987
26015,3111,15988,14334,8924
26017,7120,25805,27304,14413
26019,893,4146,4228,4020
26021,11107,30220,36383,29919
26023,3290,12583,10074,4367
26025,8159,33557,30246,19175
26027,4527,12192,13008,7048
26029,1153,5727,6405,5991
26031,1925,7411,6122,4028
26033,2591,8882,9024,5530
26035,3477,8217,7928,2835
26037,2956,14425,19212,17290
26039,1055,3460,3924,2030
26041,1563,8942,10417,5546
26043,933,6166,6705,4786
26045,4387,21255,29812,21311
26047,1481,5941,8617,8052
26049,26220,88383,105561,59248
26051,2455,7408,6447,2535
26053,728,4303,4262,2242
26055,3197,15948,23444,23999
26057,2514,11422,9965,4339
26059,3695,12156,9988,5421
26061,1521,7014,5730,6904
26063,2516,9611,7269,3682
26065,12432,38750,56615,68502
26067,4128,17100,15285,7168
26069,2163,7475,6793,3110
26071,773,3652,2674,1611
26073,3311,12328,11863,11268
26075,10171,35925,39673,24407
26077,10587,36155,53939,63961
26079,1614,5358,4232,1512
26081,39718,103253,132093,152873
26083,61,603,494,545
26085,1607,3713,2745,1086
26087,5696,22360,23022,11414
26089,726,3615,4902,7484
26091,6229,25208,22591,14371
26093,6416,34315,45168,47052
26095,554,1761,1587,881
26097,780,2851,2801,1949
26099,61725,182237,217066,152468
26101,1862,6530,6230,3724
26103,2242,13730,13843,14648
26105,1656,7239,7256,4842
26107,2634,9702,8489,6101
26109,1287,7301,5799,2798
26111,3363,16889,17594,20528
26113,1095,4373,3511,1460
26115,9023,37079,37516,21581
26117,4999,17843,15390,5882
26119,965,3173,2241,1010
26121,10339,40256,44430,23337
26123,4013,13616,10495,5610
26125,51745,164499,250274,417746
26127,2307,6568,5680,3530
26129,2210,5990,5565,1905
26131,366,2105,1581,803
26133,1845,7139,5016,2313
26135,1017,2295,2174,651
26137,1389,5766,6157,4105
26139,12515,50376,54721,60731
26141,1036,3796,3324,1777
26143,1901,7262,6819,2931
26145,14016,43902,46531,27514
26147,10405,38403,43003,21001
26149,5325,14960,14028,6613
26151,3416,12084,9688,4158
26153,580,2717,1907,963
26155,3742,17906,18183,8186
26157,4045,16091,12696,5110
26159,6670,16174,17601,11240
26161,10823,33523,56699,128223
26163,159772,355540,383767,282906
26165,2399,8410,8064,4205
27001,1084,4561,4496,2234
27003,14357,66574,84889,72788
27005,1599,7354,8524,5816
27007,2243,7916,10023,8332
27009,2218,7992,10243,6306
27011,268,1640,1176,562
27013,2129,10301,12937,13550
27015,1124,6267,6102,3846
27017,1502,8024,9914,5521
27019,2570,12064,19214,32450
27021,1662,6895,7829,4947
27023,877,2811,2992,1565
27025,2060,12968,15120,8254
27027,1971,9134,14283,13179
27029,839,2102,2060,1028
27031,124,1028,1400,1730
27033,830,2812,2609,1559
27035,2717,13734,18111,11330
27037,14070,58133,92129,120099
27039,699,4526,4878,3503
27041,1314,7817,10728,6990
27043,727,3722,3583,1831
27045,1299,4918,5015,3203
27047,2440,7623,7977,3732
27049,1841,10722,11613,8504
27051,300,1410,1728,794
27053,57577,141681,232296,432616
27055,647,4562,4811,3309
27057,1066,4781,5274,4189
27059,2026,9374,10657,5008
27061,1959,9765,13354,7514
27063,523,2336,2670,1610
27065,1119,4515,4139,1682
27067,3164,7451,11491,6699
27069,168,1114,999,796
27071,761,3338,3807,1454
27073,335,1839,1864,934
27075,433,2506,2830,2335
27077,197,1084,1059,468
27079,1184,6926,6778,4447
27081,322,1529,1370,768
27083,1315,5205,5617,4291
27085,1700,8905,9775,4354
27087,439,1226,1237,443
27089,652,2413,2227,1253
27091,958,5328,4891,2878
27093,1165,5572,5962,3068
27095,1810,6876,6507,2615
27097,2138,8794,8054,3977
27099,3317,8581,8987,5952
27101,583,2168,1982,1239
27103,1327,5584,7760,7490
27105,3321,4379,4145,2141
27107,365,1662,1623,859
27109,5652,20830,31208,47003
27111,3280,12252,15612,10343
27113,667,3227,3971,1883
27115,2042,8682,7437,3171
27117,643,2202,2040,1324
27119,1722,6493,7617,5363
27121,479,2451,3275,1845
27123,35294,75759,98633,153452
27125,206,1050,1092,454
27127,954,3898,3590,1988
27129,967,3737,3959,1558
27131,3737,13137,13139,11840
27133,428,2099,2321,1511
27135,733,3648,3901,2107
27137,7510,37043,51749,39946
27139,5000,20804,30510,37319
27141,3322,17580,24348,16382
27143,961,4044,3616,1693
27145,8136,27419,35489,26904
27147,1839,8273,8082,6385
27149,351,1835,1868,1781
27151,626,2175,2550,1301
27153,2193,6191,5950,2553
27155,169,890,1017,440
27157,1026,5096,5661,3660
27159,870,3431,3669,1276
27161,906,4704,4540,2765
27163,6801,36185,53184,76389
27165,1153,3063,2058,1148
27167,224,1260,1859,1043
27169,2051,8543,11358,9440
27171,4418,25490,31212,25680
27173,596,2417,2638,1178
28001,4937,7355,6119,3890
28003,4768,8218,8167,4371
28005,1636,3546,2710,1134
28007,2751,3986,3839,1710
28009,1561,1900,1575,657
28011,4568,5127,6056,4867
28013,2216,3679,2808,1163
28015,1446,2586,2372,894
28017,2791,4353,2794,1412
28019,1130,2076,1474,1104
28021,1024,1457,1478,1249
28023,1865,4295,3376,1359
28025,2450,4602,3615,2735
28027,2957,3643,5467,2376
28029,3738,6514,5919,2752
28031,2089,4558,3969,1836
28033,11177,34159,42256,29253
28035,5912,12750,15159,13001
28037,817,1876,1972,637
28039,2442,5696,5288,2145
28041,2331,3297,3216,952
28043,2739,3977,4520,3046
28045,4218,9468,12564,7406
28047,15860,39433,48842,31213
28049,19116,38349,51502,44555
28051,2548,4495,2816,1117
28053,1629,1824,1259,691
28055,438,354,283,35
28057,3288,4890,5470,2068
28059,10955,30344,35326,20479
28061,1797,4366,3480,1712
28063,1071,1841,1175,773
28065,1399,2910,2522,1125
28067,7149,13418,15026,9334
28069,1205,2588,1966,991
28071,3007,5884,8182,14309
28073,4332,9941,12782,14001
28075,7951,14103,19171,10130
28077,1563,2871,2613,1503
28079,3151,5380,4086,2102
28081,9232,14625,18808,13774
28083,3272,6794,4447,3290
28085,3175,8752,7573,3757
28087,5491,12570,12033,9215
28089,5703,11737,18184,33429
28091,3137,6670,5068,2091
28093,4389,9484,7217,3374
28095,4712,8910,6996,4144
28097,1586,2392,1816,1388
28099,3664,6625,6140,2155
28101,2024,4234,5190,2248
28103,2019,2058,1781,1085
28105,2401,5604,6816,11011
28107,4397,8283,6583,3362
28109,6125,11491,13869,6290
28111,1394,3306,2604,878
28113,4283,9137,7800,4228
28115,4838,5994,6040,3721
28117,3370,5835,5634,2095
28119,1386,1502,1449,498
28121,11072,27971,35423,30489
28123,4797,6920,4633,2102
28125,658,816,878,571
28127,3699,5483,6086,2957
28129,2284,4307,3063,1339
28131,2150,4334,3698,1906
28133,4398,5642,4770,2687
28135,3003,2833,2997,1009
28137,3167,6599,5908,2944
28139,2886,5182,4080,2176
28141,2678,5308,4108,1553
28143,1098,2231,2217,1128
28145,4175,6413,5919,2546
28147,1778,4251,2278,1397
28149,4044,9590,10736,7050
28151,6317,9644,8533,5354
28153,2772,5131,3420,2038
28155,1001,2429,1972,1227
28157,1569,2528,1280,853
28159,2337,4561,3985,1876
28161,1436,3449,2514,1182
28163,4166,7621,5297,2649
29001,1338,4663,3333,4202
29003,1011,4558,3594,3036
29005,333,1521,1150,900
29007,2432,8041,4513,2589
29009,4077,10269,6880,3634
29011,1038,3323,2114,1605
29013,1422,4972,3048,1816
29015,2293,5962,4608,1920
29017,1765,4122,2057,774
29019,5834,22843,29039,49297
29021,7063,22800,17781,12745
29023,4973,10933,9467,3904
29025,631,2702,1725,1121
29027,4231,11070,8292,7081
29029,3287,13042,10817,7250
29031,4527,15731,14292,15892
29033,872,2725,1530,1029
29035,643,1825,1106,654
29037,5342,23875,22701,18573
29039,1199,4007,3204,1325
29041,488,2603,1266,907
29043,4563,16866,19445,16397
29045,658,2085,1437,612
29047,10894,46381,51976,54329
29049,1135,5655,4278,3055
29051,4063,15630,15417,17568
29053,1380,4583,3541,2704
29055,3709,6556,4577,1935
29057,700,2443,1623,693
29059,1912,5129,2999,1484
29061,831,2267,1408,1021
29063,1188,4418,2473,1298
29065,1849,4556,2924,1688
29067,1719,4224,2621,1038
29069,4737,7620,4837,2757
29071,8267,23359,24875,14943
29073,1297,4111,3204,2053
29075,485,1906,1241,855
29077,15618,52991,62986,57730
29079,916,2638,2051,1159
29081,689,2690,1507,968
29083,1893,6322,4860,2469
29085,1156,3272,2259,659
29087,293,1421,922,645
29089,793,2428,1683,1648
29091,3543,10629,8241,4930
29093,1361,3048,2152,798
29095,44433,133888,145250,149739
29097,10448,26469,23297,18620
29099,16785,48863,57330,31544
29101,2372,9686,10367,9102
29103,351,1155,708,460
29105,3588,9882,7206,3530
29107,2143,9871,6077,4594
29109,3902,9868,7635,4068
29111,748,2985,1883,886
29113,3930,15817,11363,6300
29115,880,3787,2216,1400
29117,1428,4260,3009,2016
29119,3377,6218,3724,1724
29121,1237,4730,2811,1712
29123,1337,3117,2763,1331
29125,861,2556,1955,1011
29127,2306,7107,5515,4300
29129,281,1145,539,457
29131,2190,7007,4711,3350
29133,2364,4073,2173,1124
29135,1587,4352,2685,2222
29137,664,2999,1764,771
29139,1208,3659,2171,1143
29141,3129,5460,3821,1904
29143,2576,5650,2417,1466
29145,5061,13579,12813,7874
29147,964,4697,3249,3562
29149,1271,3229,1918,1095
29151,938,4051,2529,1756
29153,1215,2985,1918,755
29155,2416,4702,2360,1384
29157,1620,5702,3514,2328
29159,3816,9804,9495,5068
29161,3259,8451,7961,8090
29163,2025,6098,2686,2000
29165,2885,15093,20948,29521
29167,2360,7938,6006,4046
29169,2070,7962,10723,8177
29171,318,1426,944,644
29173,749,3565,1883,1084
29175,2254,6230,6101,2597
29177,1885,7149,4508,2319
29179,933,1867,1190,633
29181,1912,4024,2619,968
29183,13953,65883,83888,104074
29185,1078,2866,2055,968
29186,1341,4981,3843,2498
29187,7192,17560,15707,6739
29189,44903,146332,197773,301303
29195,2410,5705,4042,2917
29197,373,1387,862,378
29199,619,1280,746,439
29201,3955,10948,7115,4287
29203,1172,2630,1183,871
29205,384,1791,1210,746
29207,3929,8530,5355,2728
29209,3134,8050,8716,4535
29211,685,2189,977,511
29213,4210,12763,13446,7561
29215,3003,7089,5780,2470
29217,1596,5543,3973,2585
29219,2671,8887,7548,4517
29221,3996,6474,5145,1714
29223,2265,3712,2637,916
29225,3493,9383,8029,4223
29227,150,643,387,295
29229,2402,5581,3042,1253
29510,26828,52444,60331,79669
30001,311,1846,1979,2268
30003,796,2677,2754,1374
30005,416,1131,1639,944
30007,293,1380,1455,1160
30009,472,2523,2659,2469
30011,72,316,382,195
30013,4553,18146,18424,14232
30015,289,1332,1195,1113
30017,660,2366,3181,2029
30019,60,475,440,308
30021,440,2159,2318,1404
30023,619,2635,2253,1415
30025,107,748,760,379
30027,598,2337,2876,2380
30029,3742,20833,24233,21934
30031,2214,12296,19906,34579
30033,20,323,285,105
30035,850,3193,2357,1742
30037,47,238,167,133
30039,192,772,780,710
30041,954,3085,3580,2594
30043,495,2291,2831,3022
30045,83,478,528,394
30047,1686,5884,6954,6098
30049,2084,11241,15246,19138
30051,518,373,582,264
30053,1558,5609,4913,2945
30055,92,477,448,212
30057,302,2024,2199,2052
30059,64,538,343,391
30061,356,1183,1145,515
30063,3441,17099,24463,33949
30065,300,1515,1150,576
30067,689,3743,4144,3935
30069,4,138,94,114
30071,263,1137,985,497
30073,285,1359,1445,973
30075,72,361,485,296
30077,564,2005,1650,1080
30079,111,283,323,205
30081,2644,9606,10526,8777
30083,573,2613,2839,1406
30085,803,2035,2484,1121
30087,576,1767,2390,1026
30089,996,3741,2597,1595
30091,205,811,907,603
30093,1778,7601,7895,6464
30095,409,2401,2259,1692
30097,148,997,889,691
30099,334,1326,1470,1040
30101,403,1435,1202,546
30103,53,164,171,132
30105,331,1866,2050,1165
30107,257,483,397,277
30109,88,289,218,182
30111,6380,32857,34590,34829
31001,2053,5777,7726,5002
31003,309,1487,1793,808
31005,18,74,119,75
31007,16,135,254,123
31009,18,112,148,83
31011,186,1376,1329,772
31013,693,2451,3011,1272
31015,58,638,515,242
31017,109,914,752,463
31019,2090,7729,9925,10462
31021,403,1655,1586,988
31023,387,2082,1889,1186
31025,1002,5300,6536,4916
31027,430,2025,2068,1204
31029,319,689,1105,562
31031,204,1277,1641,926
31033,430,1840,2704,1694
31035,358,1451,1566,840
31037,2052,1930,1665,1028
31039,706,2127,1790,1443
31041,494,2260,2966,1804
31043,2923,4399,3516,1619
31045,205,1337,1743,1920
31047,3367,4826,4668,2414
31049,146,455,537,215
31051,467,1366,1215,819
31053,2727,8641,8541,4656
31055,34494,78011,107622,144986
31057,220,316,464,303
31059,321,1361,1512,872
31061,169,792,894,388
31063,74,530,822,391
31065,378,1110,1288,584
31067,1523,5427,5100,3162
31069,85,459,573,324
31071,54,460,581,374
31073,111,434,566,465
31075,14,167,160,125
31077,101,569,719,271
31079,6041,12291,12511,8452
31081,311,1894,2536,1578
31083,164,639,1022,527
31085,64,172,299,120
31087,158,675,825,354
31089,456,2318,2674,1569
31091,33,180,163,135
31093,228,1618,1676,943
31095,457,1919,1855,919
31097,516,1615,984,659
31099,158,1289,1793,1179
31101,505,1895,2351,1224
31103,25,163,192,127
31105,301,968,969,431
31107,459,1975,2140,1263
31109,12282,41828,63367,76759
31111,1577,6944,10187,5666
31113,37,186,273,121
31115,9,136,200,117
31117,35,77,140,71
31119,2195,6971,8480,5270
31121,317,1944,2264,980
31123,421,1085,1201,657
31125,173,952,939,462
31127,376,1371,1566,1276
31129,248,1045,1135,643
31131,784,3831,3690,2542
31133,238,782,577,329
31135,240,517,685,563
31137,421,1877,2508,1475
31139,222,1610,1888,1122
31141,2411,6482,8139,4738
31143,313,1129,1402,794
31145,549,2400,3006,1405
31147,448,2092,2137,1099
31149,34,346,402,236
31151,1465,2953,2876,1576
31153,5233,25175,39399,46108
31155,982,4481,5319,3679
31157,2900,6942,8784,5529
31159,652,3107,3963,3137
31161,351,1220,1298,847
31163,156,804,811,448
31165,57,246,278,256
31167,258,1284,1796,725
31169,274,1276,1359,674
31171,29,108,219,117
31173,422,1271,1541,633
31175,231,1023,1014,725
31177,613,4366,4700,4129
31179,213,1470,1928,1727
31181,152,871,867,566
31183,27,197,265,118
31185,600,2595,3470,2645
32001,1410,5310,6937,3161
32003,207228,424198,493500,364232
32005,2521,9043,14614,10918
32007,4560,10936,12336,5551
32009,94,326,254,129
32011,73,638,517,118
32013,1953,3426,3871,1864
32015,453,1471,1467,480
32017,513,1272,1200,728
32019,5140,12832,15472,5645
32021,357,1160,1243,485
32023,4742,13297,12434,3668
32027,992,1932,1692,579
32029,192,838,1040,948
32031,35940,74437,108405,97537
32033,843,2933,2357,929
32510,5121,10205,15279,8719
33001,3074,13299,14054,14687
33003,2177,11034,11366,12811
33005,3532,16694,15345,17620
33007,2954,9474,7442,4434
33009,4529,16759,16287,25708
33011,22986,75053,82179,110950
33013,7200,29541,31898,38008
33015,10847,56498,63117,92331
33017,6097,23313,24844,30194
33019,2810,11656,8541,8994
34001,24010,59017,49700,51949
34003,49161,148853,134472,323926
34005,19630,88177,86787,119351
34007,39407,102941,93034,113085
34009,5217,22350,19331,22910
34011,21262,40651,25155,16053
34013,74374,149902,120755,189550
34015,14285,64305,56006,66304
34017,72615,120211,83126,202114
34019,4457,18617,18926,46791
34021,28459,60780,52828,105467
34023,57834,143647,119053,247379
34025,28643,102013,104552,200708
34027,18978,69396,70471,186941
34029,32816,139398,114790,122732
34031,54276,115311,70179,94039
34033,4924,16934,12951,9267
34035,12561,46588,44895,125454
34037,5190,30944,28481,36531
34039,51403,107758,82006,135437
34041,6429,23149,21057,24963
35001,51699,108101,145934,160401
35003,168,1337,889,445
35005,9015,11466,13462,7431
35006,3078,5839,6643,2574
35007,1076,2685,3395,1985
35009,5528,8154,10991,5861
35011,180,415,401,149
35013,26914,29734,38768,35542
35015,5799,13638,11770,6038
35017,2496,5276,6425,5748
35019,573,1571,914,250
35021,52,94,132,77
35023,526,1044,967,434
35025,10856,13288,12296,5740
35027,1543,4385,4968,3780
35028,317,1168,2837,8938
35029,4647,5293,3517,1926
35031,10059,15197,13898,5054
35033,379,1198,1554,387
35035,7233,11876,16854,7616
35037,1073,2116,1730,1013
35039,3629,8596,9340,5145
35041,2161,3035,3029,2588
35043,9881,24940,33270,29839
35045,12305,24860,32208,12193
35047,3285,5427,6714,4207
35049,11813,24722,28794,45475
35051,1384,2470,2955,1819
35053,2003,4122,2472,2418
35055,2401,6864,8082,6987
35057,1657,4063,3449,1598
35059,547,1413,706,354
35061,7973,16951,16900,9507
36001,16106,47042,56068,85702
36003,2770,11012,9988,6268
36005,253249,259572,230175,186550
36007,11927,40302,39490,36345
36009,5894,20715,16159,10081
36011,6772,18436,17705,12523
36013,10019,31774,27808,19916
36015,5787,21042,18912,13863
36017,4088,13380,10470,6406
36019,6819,20807,14964,12621
36021,4429,13653,12603,14889
36023,2798,9663,9233,8419
36025,3627,12319,9431,7410
36027,18362,55135,60058,72058
36029,52928,178202,192920,221931
36031,2447,9871,8666,7683
36033,4422,13214,10740,6689
36035,4898,13766,12905,7032
36037,3205,14864,14055,9210
36039,4709,13689,9157,7804
36041,804,969,1193,601
36043,4446,16144,13747,9395
36045,6416,24858,24361,15905
36047,313615,458191,340996,667445
36049,1809,8198,4971,3382
36051,4009,13617,13763,11289
36053,3831,16683,14882,12571
36055,49395,119716,145516,198049
36057,4503,12106,11506,6084
36059,81146,213909,214545,433413
36061,158971,155198,169148,766048
36063,13277,50066,50303,37080
36065,18349,50633,49041,40921
36067,28391,80217,93903,113367
36069,4704,20395,24049,28024
36071,24903,71028,73209,73635
36073,3620,11300,9803,4776
36075,9455,30006,25429,15203
36077,3308,12494,11735,12402
36079,4930,19139,18549,27946
36081,295810,453171,367155,529260
36083,9071,32369,34519,35776
36085,37207,100452,81026,111976
36087,24008,45877,50052,83654
36089,8125,26380,20091,17061
36091,9735,40531,45288,67456
36093,9914,31497,31026,34238
36095,2308,7970,7026,5005
36097,1268,4430,4428,3103
36099,3758,8702,7043,5207
36101,6475,25012,20500,16099
36103,97090,281922,277165,374665
36105,7038,17945,14951,13152
36107,3064,12472,10138,9022
36109,3326,11347,13111,31990
36111,12059,38710,37174,42247
36113,3854,14653,14333,14993
36115,5440,17429,12888,9235
36117,6934,21531,20982,14467
36119,79762,128492,133103,326933
36121,2938,11614,9350,5131
36123,2272,5443,4757,4201
37001,15046,30386,37150,27290
37003,4724,10371,7920,3812
37005,1896,2438,2627,1460
37007,3470,7243,5268,2032
37009,3028,6470,6856,4002
37011,2191,4024,4354,2755
37013,4201,11115,11823,7031
37015,3113,5487,3832,1964
37017,4474,8001,7705,3791
37019,9082,29021,34830,31048
37021,16862,43838,52263,75737
37023,11978,20488,22033,10721
37025,13791,34462,44434,44201
37027,11827,19175,18714,9294
37029,1004,2188,2977,1274
37031,4383,13388,19260,15182
37033,3269,5619,5163,2664
37035,15391,32708,36293,24663
37037,5795,11048,13247,22117
37039,2754,7284,7386,4095
37041,1402,3536,3360,2296
37043,992,2798,2602,1984
37045,10545,22995,21561,11745
37047,6705,14323,12934,5442
37049,7569,17554,25298,17032
37051,18606,53420,81380,52502
37053,1784,5410,7190,4411
37055,1556,6147,9886,9359
37057,18692,38135,37903,21469
37059,3694,9665,9615,7259
37061,9591,12706,12783,4828
37063,24947,37969,48045,103332
37065,6859,13614,10933,4928
37067,27106,64685,74308,85565
37069,6372,13734,15856,10128
37071,22997,46499,49887,32173
37073,915,3171,3077,1196
37075,1103,2204,1986,786
37077,6566,12836,13057,9431
37079,3744,4932,4653,1654
37081,38516,81878,104820,126827
37083,7730,13453,9742,5222
37085,10720,25577,30560,18702
37087,5495,12075,16329,11903
37089,8618,20649,29047,27185
37091,3199,5446,5526,2484
37093,4480,9955,14086,6150
37095,732,1476,1254,350
37097,12967,34094,39318,34306
37099,2916,7359,8815,8326
37101,17163,36367,47399,29900
37103,1366,2490,2502,882
37105,6733,10933,14311,8755
37107,8049,12649,13004,5912
37109,7166,18360,19927,13584
37111,5289,10644,11193,5731
37113,2820,8136,9033,6246
37115,1995,4793,4166,4371
37117,2745,5590,5455,2705
37119,70077,122512,201185,327148
37121,1642,3668,3518,2274
37123,3892,6556,5549,2971
37125,6532,15168,22173,26250
37127,9320,21839,20182,13460
37129,10530,33277,48832,63284
37131,2938,5772,4218,2065
37133,8890,31389,40395,24004
37135,6544,12281,17432,53769
37137,1195,3086,3822,1842
37139,3495,8616,8866,5947
37141,5201,11764,13723,11884
37143,1325,2900,3833,2034
37145,3794,10498,9416,4372
37147,11652,25786,35591,35418
37149,1469,3990,5809,4621
37151,18383,33208,31965,15552
37153,5852,9839,10084,4808
37155,19384,28607,25839,11719
37157,11344,22845,21418,9864
37159,13881,31514,33394,17900
37161,7735,15554,16045,8535
37163,8793,14553,13356,5828
37165,4676,8013,7262,3663
37167,6332,14366,14965,7472
37169,5450,13443,9978,4754
37171,10449,14725,16575,9186
37173,1983,2994,3036,1780
37175,2811,6858,7600,8368
37177,805,1129,835,328
37179,15286,36207,43712,52171
37181,5891,11136,8572,4463
37183,49941,107848,179118,376153
37185,2680,5333,4237,2300
37187,1333,3059,2842,941
37189,2927,6584,8832,13409
37191,12724,25058,28725,15628
37193,9795,15647,16062,7796
37195,10950,17460,16191,10903
37197,4726,9053,9860,3117
37199,2046,4386,4095,2678
38001,90,564,568,420
38003,589,2409,2398,2249
38005,536,1153,1591,632
38007,74,233,213,186
38009,376,1260,1813,1090
38011,233,738,643,516
38013,111,416,630,341
38015,3656,14514,22910,22873
38017,5793,22448,38654,44952
38019,221,856,1112,529
38021,288,925,1156,956
38023,115,587,705,320
38025,273,1027,1102,649
38027,175,485,563,435
38029,311,861,827,444
38031,224,603,873,620
38033,92,326,524,346
38035,2030,9184,15456,14729
38037,173,630,627,315
38039,188,586,528,452
38041,247,646,769,248
38043,163,602,700,315
38045,408,854,964,726
38047,166,458,485,271
38049,382,1391,1479,886
38051,363,660,664,312
38053,737,2263,2913,2053
38055,525,2346,2631,1448
38057,515,1616,2555,1300
38059,1775,6435,7809,5883
38061,502,2223,2500,1341
38063,179,637,822,545
38065,112,396,507,271
38067,530,1615,1884,1047
38069,198,1047,1105,623
38071,637,2265,2895,2078
38073,344,1352,1393,730
38075,79,573,692,338
38077,978,2856,4470,2247
38079,1034,2142,3499,1626
38081,228,1023,1043,520
38083,136,408,386,159
38085,384,762,853,353
38087,54,155,194,141
38089,1937,6524,7310,4565
38091,47,322,511,394
38093,1331,4938,4876,3455
38095,139,548,657,275
38097,357,1414,2096,1575
38099,1112,2506,2676,1307
38101,2740,13049,15001,12756
38103,380,963,934,649
38105,2127,6048,8909,5266
39001,3764,8453,4268,2502
39003,6705,26855,22494,13091
39005,4090,14759,9205,7433
39007,9592,30576,18645,9795
39009,3691,12994,9132,11167
39011,2275,13482,9403,5852
39013,4950,21329,15648,8385
39015,3687,13851,8315,4530
39017,22809,80103,66907,73608
39019,2072,9767,5204,2608
39021,2373,12404,7756,4319
39023,10393,34897,29607,17235
39025,13727,45549,41164,40289
39027,3286,11032,8539,5333
39029,8518,33218,21499,11040
39031,3678,11993,6328,3334
39033,2898,13790,8529,4235
39035,89084,242977,258465,284708
39037,3227,16523,9938,5566
39039,2291,10918,8045,4650
39041,4754,24084,31343,71553
39043,4414,19980,16827,12418
39045,7669,35512,32370,28745
39047,2810,9011,4609,3191
39049,76076,211911,228536,345062
39051,2494,11977,9164,5063
39053,3311,8514,5564,3286
39055,6296,16261,17344,24464
39057,6959,27461,33782,43981
39059,3955,11678,7719,3992
39061,47402,144418,149234,208326
39063,3908,18688,15294,14056
39065,2020,9208,4839,3109
39067,1447,5254,3000,1269
39069,1225,8352,5986,3223
39071,4376,13322,7714,3947
39073,2181,9102,5815,2880
39075,11048,8443,3682,2476
39077,4521,18184,11012,5679
39079,3667,9338,5982,3210
39081,4240,21169,14393,7481
39083,3524,16081,11530,9280
39085,12724,52666,54780,45339
39087,5293,18636,12178,6297
39089,9968,40297,36581,30601
39091,2309,15105,8622,5149
39093,21937,65829,71870,52877
39095,31364,86830,97374,76827
39097,4125,13160,8839,5527
39099,14875,61634,47614,39614
39101,5602,20601,14298,5807
39103,6142,38487,37497,42166
39105,2707,6907,4736,2166
39107,2123,12233,7706,4943
39109,6449,26735,22859,17017
39111,1098,5236,2511,1264
39113,36126,101192,125596,101639
39115,1536,4593,3268,1066
39117,2977,10627,7236,3347
39119,7177,24388,17653,9437
39121,1694,5300,2979,1097
39123,2525,10682,10172,7008
39125,1234,6216,3494,2030
39127,3127,11707,6833,3005
39129,5162,17146,10532,7411
39131,3841,7795,5313,2452
39133,8024,38519,28228,30540
39135,2764,12640,8709,4689
39137,1637,9324,6897,4723
39139,11062,33313,24765,15509
39141,6759,23422,15735,8598
39143,3950,17378,13068,6601
39145,7993,21764,14782,8298
39147,3083,16836,11040,6261
39149,3157,13363,9779,6053
39151,21769,99295,79469,59233
39153,31386,114876,110574,123423
39155,15208,63859,37464,26841
39157,8993,28618,15319,11113
39159,2510,12243,9889,13579
39161,1691,8592,5901,3221
39163,1769,3996,2216,1169
39165,9494,39740,38694,66311
39167,4070,17433,13638,8152
39169,10290,29775,19324,16948
39171,2423,10851,8440,3907
39173,4589,24781,24359,27089
39175,1235,6959,4415,2611
40001,2755,6666,3231,1665
40003,649,1638,1130,954
40005,1618,3881,2699,1443
40007,576,1241,1029,708
40009,2145,5348,4797,2482
40011,1215,2524,2125,1161
40013,4227,10174,9873,6791
40015,2848,8107,5624,3011
40017,7994,27718,31783,25471
40019,3859,11844,9924,6613
40021,4102,9536,8791,8006
40023,1808,3889,3091,1357
40025,264,562,378,355
40027,14531,43903,59952,59491
40029,649,1558,887,649
40031,7704,25348,27117,17160
40033,615,1660,1149,545
40035,1335,3992,3286,1482
40037,6147,19474,14800,8250
40039,2095,5284,5386,4207
40041,4631,10961,9512,5550
40043,200,1337,912,775
40045,399,970,879,566
40047,4909,14671,11684,9290
40049,2554,8389,4957,2751
40051,3704,14993,11132,7407
40053,280,1109,874,739
40055,679,1535,1476,517
40057,385,477,643,393
40059,467,848,752,495
40061,1323,3243,2703,1401
40063,1657,3747,2688,1198
40065,2396,4328,5594,3747
40067,710,1750,1141,621
40069,1043,2600,2310,1498
40071,3881,9567,10474,5579
40073,1193,3897,2807,2276
40075,943,2297,1866,1063
40077,862,2589,2380,1208
40079,5557,13870,9405,4948
40081,3030,9703,7347,3679
40083,3033,9988,9222,8529
40085,1186,2798,1837,911
40087,2584,8580,8438,6531
40089,3731,9406,5789,2940
40091,2045,6160,4225,2004
40093,592,2007,1560,1038
40095,2375,4037,3242,1683
40097,3769,11038,9155,4006
40099,1528,3683,2793,1688
40101,6731,15717,13878,9309
40103,735,3209,1992,1791
40105,794,3163,2399,827
40107,1694,3279,2343,964
40109,64784,131920,152823,164395
40111,3536,9258,9327,3628
40113,3896,12649,10645,5975
40115,3010,7444,7068,2977
40117,1268,4988,3150,1876
40119,3444,12078,12023,16465
40121,4043,11861,10141,5002
40123,2678,8180,7010,7029
40125,5720,17475,15891,8740
40127,1324,3341,2081,1123
40129,286,900,888,401
40131,4913,19774,21614,15317
40133,2573,5565,5892,2343
40135,5316,10976,8023,4089
40137,3832,12759,8528,5103
40139,3501,3250,3091,2800
40141,1130,1678,1345,866
40143,45008,107747,136949,135181
40145,5036,17618,18503,12431
40147,3409,12053,9906,10099
40149,750,3128,2096,1569
40151,574,1679,1659,1702
40153,1686,5488,3910,2675
41001,1080,3723,4329,2842
41003,2263,7337,15783,29976
41005,19240,61576,100791,108614
41007,2259,7600,11672,6944
41009,3192,12441,14335,6788
41011,5316,14369,19443,8451
41013,1711,5706,6325,3382
41015,1777,5010,7016,4501
41017,8562,29577,49483,47993
41019,8394,26031,32218,13926
41021,143,435,598,248
41023,620,1990,1874,1048
41025,448,1947,1948,980
41027,2942,3442,4342,5038
41029,15385,40404,56078,43162
41031,2100,4972,5989,3136
41033,6151,19761,26755,11135
41035,5593,14532,17417,9396
41037,796,2031,2099,967
41039,20772,59472,98036,78093
41041,3203,10223,14710,9335
41043,9145,25202,35757,16746
41045,3733,6207,7118,2707
41047,33022,59570,78609,52627
41049,1739,2374,2415,646
41051,50082,99565,168325,269318
41053,4853,12577,19473,16550
41055,134,399,502,216
41057,2056,5666,7711,4306
41059,8897,14401,18561,8685
41061,1279,5645,6314,4301
41063,378,1569,2088,1451
41065,2492,5320,6905,3582
41067,31602,70243,122815,179725
41069,92,407,434,163
41071,7799,17361,26427,18942
42001,8041,28744,19188,16049
42003,47938,238315,229318,367979
42005,4710,23798,11956,8136
42007,8396,44646,38302,29978
42009,4256,18111,7733,5199
42011,37796,104002,71165,70615
42013,7601,39852,22209,18826
42015,4260,20252,10487,8060
42017,27338,126009,109404,184764
42019,6783,43502,34851,47824
42021,7654,43187,24233,20102
42023,331,1714,1018,485
42025,4985,21362,12331,8429
42027,5645,29079,19231,44957
42029,22448,73586,70062,187213
42031,2614,12289,5690,5845
42033,7557,29255,13397,8912
42035,2709,11558,6171,4937
42037,4260,18780,10667,10010
42039,6547,27342,13217,12623
42041,13382,55840,41545,63896
42043,19506,63426,49252,58893
42045,26530,115782,91411,149601
42047,1712,10679,5497,4352
42049,16264,72214,46745,52303
42051,11129,46167,22253,16620
42053,1021,3442,1046,484
42055,12621,46345,25292,23248
42057,1279,5490,2317,1426
42059,3277,12083,6264,4622
42061,3451,15986,7601,5703
42063,5578,24004,13220,12759
42065,3330,15951,6971,4975
42067,2888,8439,3467,2500
42069,13370,54911,38537,42164
42071,54421,128466,81815,99271
42073,5757,26992,15792,13731
42075,12309,42216,21550,19834
42077,27459,81976,65052,74404
42079,23102,88531,63508,51948
42081,8003,31314,22381,18814
42083,2422,13972,7455,5545
42085,7955,33900,18989,17922
42087,4873,16802,6904,3869
42089,12070,40932,34790,28742
42091,32321,136438,124804,285240
42093,1253,5337,2512,4208
42095,19343,73098,55342,64261
42097,8051,33432,14560,11149
42099,4111,15503,7653,5447
42101,164444,349875,240443,318691
42103,2881,14104,13076,11014
42105,1456,5704,3101,1864
42107,11165,48726,27273,17334
42109,3627,12326,5748,5347
42111,6531,27609,12526,8795
42113,514,2346,1213,846
42115,3090,13656,7975,5653
42117,2793,13216,7570,5564
42119,4047,11940,6668,7958
42121,3729,18243,8908,7118
42123,2076,13267,8156,5695
42125,10225,55609,38374,44756
42127,4098,16836,10335,8002
42129,14630,96195,73815,75789
42131,1526,9079,5119,3840
42133,31421,122789,79011,77145
44001,3097,6630,7667,16742
44003,9477,33877,37403,40273
44005,3660,13445,14500,29260
44007,61855,134675,112207,125948
44009,4378,19760,22451,39895
45001,3141,5825,5485,2667
45003,14200,38676,33998,31189
45005,1282,2910,1569,585
45007,20043,42462,43334,30255
45009,1889,3127,2791,1806
45011,2883,5048,4550,1790
45013,9672,29735,39218,54999
45015,15217,42093,49928,35717
45017,1489,3899,3244,2144
45019,23789,64967,72405,124598
45021,7606,13387,12112,5465
45023,4026,8844,6615,3012
45025,7450,13189,7964,3303
45027,5221,8861,6520,3658
45029,3510,11886,6947,3810
45031,8136,16215,13276,8510
45033,5015,7919,5110,2258
45035,10950,29048,36333,29978
45037,3358,7221,5815,3278
45039,2238,6712,4562,2752
45041,14047,30750,26650,22093
45043,5900,13231,14286,12553
45045,41290,81854,100591,120854
45047,7044,14530,14309,11707
45049,2614,5852,3658,1633
45051,25543,80080,82576,58286
45053,3673,7569,5349,3589
45055,5474,16438,13940,9153
45057,9301,19753,19209,17730
45059,8772,15582,14227,7453
45061,2254,5062,2950,1937
45063,20798,56402,62247,60822
45065,1304,2660,2279,1608
45067,4559,9092,5067,2920
45069,4359,8064,4986,1699
45071,4683,9372,7312,4668
45073,8492,16303,16862,14469
45075,8318,18496,20609,11777
45077,11462,22715,23659,20289
45079,22030,58037,77251,100940
45081,3115,5021,3748,2399
45083,29716,60882,66221,50943
45085,10188,21610,24794,13531
45087,3662,7804,5847,2216
45089,4336,9095,5726,2684
45091,16442,44899,57895,59552
46003,234,605,579,388
46005,1897,4116,3614,2485
46007,369,623,598,297
46009,635,1865,1622,921
46011,917,4662,5451,7457
46013,1802,8118,8225,7563
46015,397,1123,1086,968
46017,226,409,310,88
46019,622,2927,2058,1332
46021,111,395,295,312
46023,658,2189,1829,1068
46025,218,1042,741,471
46027,350,1447,1683,3473
46029,1618,6946,6392,4095
46031,373,774,747,411
46033,441,2412,2425,1623
46035,1066,4209,4676,3586
46037,410,1442,1211,842
46039,269,1113,964,668
46041,454,1115,1020,514
46043,234,716,767,316
46045,183,918,860,698
46047,292,1825,1992,1096
46049,111,576,533,449
46051,462,1901,1524,1088
46053,313,1052,992,595
46055,83,606,465,214
46057,300,1560,1038,770
46059,139,753,885,504
46061,162,773,756,383
46063,84,287,298,235
46065,948,3337,3698,4234
46067,612,1660,1464,1258
46069,74,365,316,245
46071,339,646,600,343
46073,159,571,435,339
46075,29,263,167,159
46077,325,1371,1057,756
46079,799,2778,2274,2897
46081,1151,5240,5127,6196
46083,1893,8384,12525,13713
46085,244,871,765,480
46087,412,1275,1075,879
46089,285,538,508,287
46091,259,1016,1214,790
46093,1027,5238,7034,4971
46095,234,510,377,153
46097,153,584,491,278
46099,9352,32667,40955,40984
46101,422,1486,1556,939
46102,1900,2019,2594,758
46103,4892,20819,26087,23786
46105,156,740,743,418
46107,120,602,567,369
46109,681,2324,2412,1136
46111,110,665,524,358
46115,395,1654,1429,971
46117,111,661,696,694
46119,40,310,339,230
46121,991,1563,1601,768
46123,356,1602,1073,869
46125,464,1951,2004,1376
46127,780,3118,3443,3239
46129,385,1460,1040,954
46135,1452,5613,4732,4073
46137,261,679,435,270
47001,7061,17839,16728,12637
47003,5741,13277,7686,5333
47005,2083,5479,2792,1448
47007,2691,4392,2623,1326
47009,10115,32185,28213,22482
47011,10570,23144,22231,16081
47013,6516,11652,6951,3546
47015,1568,4620,2349,1602
47017,3062,8137,4611,3476
47019,6917,16196,11502,7354
47021,3674,10484,8143,5930
47023,1642,4342,3337,1770
47025,4517,8629,5915,3661
47027,1100,2581,1130,777
47029,5137,12073,5584,2980
47031,5473,14478,9960,7699
47033,1848,3980,2637,1360
47035,6383,16921,13335,8299
47037,51843,104775,119927,197817
47039,1179,3542,2439,1219
47041,2803,5774,3183,2360
47043,5934,15227,9348,5890
47045,4114,9910,7376,4109
47047,4071,9478,9416,6550
47049,2216,5678,3048,2081
47051,3569,11426,7609,5950
47053,4910,13074,9281,6153
47055,2948,8940,5421,3424
47057,3553,7126,4181,1774
47059,7597,20656,13178,8324
47061,2412,3829,1927,1240
47063,8208,16947,11366,7377
47065,26708,68323,77151,81692
47067,1084,2001,1125,533
47069,3709,8523,3950,2039
47071,3428,7816,4531,2785
47073,6395,17506,11436,5613
47075,2197,5735,2918,1346
47077,3358,8226,5070,2795
47079,3285,10658,5579,3858
47081,3745,7739,4075,1904
47083,1311,2711,984,748
47085,1967,6316,2897,1861
47087,1899,3878,1961,961
47089,5570,14851,11208,6365
47091,2729,5607,3595,1563
47093,25548,77939,88793,116086
47095,1526,2433,1150,529
47097,4069,8064,4154,1465
47099,4850,12938,7231,4175
47101,1326,3600,2663,882
47103,3926,9639,5838,4372
47105,5290,12394,10481,10126
47107,5821,15142,10470,6081
47109,3161,8262,4465,2297
47111,3160,7321,3893,1658
47113,7248,22960,18181,16678
47115,3759,7867,6120,2602
47117,3314,9408,6671,3334
47119,6262,22713,19964,14656
47121,1424,3999,2523,862
47123,5720,13530,8945,4373
47125,8766,35273,44582,35272
47127,649,1832,1068,1041
47129,3074,7546,3488,1462
47131,3507,9526,4983,3261
47133,3003,7242,3281,1985
47135,1401,2144,1388,638
47137,996,1487,1039,366
47139,2161,4847,3823,1457
47141,6727,18315,11817,13251
47143,4250,8137,5979,3745
47145,4343,14192,12874,7735
47147,6142,18221,14099,9388
47149,16308,55158,62933,63938
47151,3025,6627,3933,1376
47153,1978,4197,2939,1619
47155,10436,25899,21095,12129
47157,70992,168598,179360,193651
47159,2008,6340,3313,1965
47161,1231,4310,2573,1499
47163,14702,39723,33023,27030
47165,12890,38859,38641,35287
47167,5015,15456,13526,7095
47169,1120,2762,2321,993
47171,2011,5280,4118,1981
47173,3162,6201,3100,1370
47175,900,2173,876,332
47177,5725,12081,6027,4057
47179,9839,25359,24584,27842
47181,2446,5759,2944,1202
47183,3194,8367,5297,4634
47185,3160,8582,4737,2311
47187,6828,19402,32549,87566
47189,7895,27218,28358,30399
48001,7851,16361,13397,4464
48003,2969,3739,2686,1306
48005,10350,18078,19153,9694
48007,2779,5580,5608,3911
48009,593,2175,1902,1467
48011,184,314,583,319
48013,7205,12168,7525,4533
48015,3246,5899,6251,4839
48017,985,1499,1050,735
48019,1807,5463,5777,3857
48021,10040,16876,17145,11485
48023,368,886,701,579
48025,5406,7530,7107,1966
48027,18969,55003,84347,53200
48029,197394,316364,384219,349451
48031,855,2625,2880,2290
48033,22,84,147,165
48035,1767,4488,4256,2595
48037,7114,22005,21088,13041
48039,28407,60073,76226,70694
48041,15194,22776,31170,49439
48043,977,1453,1658,2722
48045,146,382,313,207
48047,1262,1000,1150,635
48049,3332,9460,8283,4991
48051,2208,4844,3389,2181
48053,3806,10048,10496,8287
48055,5941,10336,7027,3995
48057,2974,4750,4613,2043
48059,1161,3518,3090,2070
48061,79284,65120,59780,42787
48063,1082,2983,2747,1636
48065,274,1317,1356,1171
48067,2965,9115,5537,3444
48069,1205,1501,1228,727
48071,2994,7039,10143,5941
48073,7127,10374,10641,5835
48075,933,1805,1495,945
48077,715,2792,2436,1615
48079,608,578,544,151
48081,407,853,796,446
48083,829,2254,2094,970
48085,39451,95753,168971,334153
48087,514,510,544,398
48089,2424,4925,3981,3008
48091,7291,24695,30385,36365
48093,1481,3344,2801,1945
48095,844,808,632,342
48097,3766,8507,9113,5639
48099,5749,13422,20924,7681
48101,254,287,347,179
48103,595,951,929,427
48105,544,794,700,332
48107,899,1344,1011,493
48109,480,499,300,146
48111,1337,1264,1198,712
48113,344888,377558,421593,525525
48115,2432,2610,1891,1151
48117,2877,4022,2782,1318
48119,441,1153,1104,905
48121,41035,97623,161882,246869
48123,2768,5625,4181,1811
48125,255,587,494,303
48127,2173,2343,1075,877
48129,248,747,807,392
48131,2230,2176,2049,639
48133,1945,3945,4598,1997
48135,22947,28933,28853,14687
48137,409,332,458,266
48139,15428,30952,38164,27193
48141,109968,121083,160567,119062
48143,2844,6379,7385,7625
48145,2819,4694,3177,1519
48147,3530,8551,7970,4224
48149,2541,7142,4987,3597
48151,371,930,877,499
48153,974,1043,1153,600
48155,170,300,315,152
48157,46011,87576,130047,226577
48159,631,2037,2683,1938
48161,2421,4616,4752,2126
48163,4213,4252,3077,907
48165,4322,3376,2326,1295
48167,24521,55542,73667,69437
48169,1733,1289,861,626
48171,2134,5779,5185,6229
48173,271,166,209,241
48175,904,1407,2086,918
48177,3117,5893,2618,1748
48179,2932,4841,4963,2058
48181,9954,26567,33742,18048
48183,12711,22480,27622,17008
48185,3717,6685,5765,3019
48187,11792,31836,31410,29451
48189,4888,7253,5165,3578
48191,424,623,702,331
48193,946,2121,1527,1329
48195,1087,899,876,511
48197,584,904,899,378
48199,4607,14616,12611,6446
48201,550911,693463,787414,932169
48203,6470,14899,14138,8374
48205,745,1604,1162,762
48207,1191,1405,936,476
48209,12697,29833,37705,47623
48211,435,765,713,515
48213,9441,19697,18177,9926
48215,164284,112550,112774,89652
48217,4027,8512,7637,4239
48219,3424,3848,4843,2277
48221,4445,12630,13886,11109
48223,3695,8734,7151,4917
48225,3127,6023,4960,2535
48227,4942,8317,8315,3117
48229,1306,898,418,314
48231,9604,21111,19005,12356
48233,1963,4814,5241,1959
48235,71,391,421,156
48237,1089,2427,1733,817
48239,1732,3070,3428,1632
48241,3608,10744,6580,3106
48243,359,342,479,518
48245,26703,53941,55174,33216
48247,774,1142,713,408
48249,6462,9403,6704,3131
48251,15612,39142,33919,20431
48253,3184,5675,4127,1724
48255,2594,3945,2514,1640
48257,11305,25708,26111,16305
48259,2164,6162,8994,12590
48261,281,77,20,4
48263,67,154,131,120
48265,4290,10219,12809,10289
48267,479,1057,956,722
48269,32,55,38,33
48271,635,1087,876,359
48273,3703,4584,4668,4228
48275,433,823,660,482
48277,5306,11191,11005,6319
48279,2091,2701,2341,1196
48281,1325,4327,6123,2925
48283,1906,2019,916,392
48285,1982,5632,3873,2295
48287,1781,4191,3924,1696
48289,2183,4785,3320,1681
48291,12291,20533,16161,5279
48293,3055,5386,5358,2402
48295,399,728,668,440
48297,2003,2956,2656,1057
48299,2388,4461,5734,4258
48301,14,14,43,0
48303,24887,46109,54810,54246
48305,938,1120,1092,657
48307,1310,1560,1804,977
48309,22962,41154,51225,36921
48311,36,162,155,143
48313,1870,3752,2689,1435
48315,1122,3111,2231,1115
48317,751,1095,867,608
48319,352,764,956,791
48321,4685,7614,7600,4203
48323,13300,7433,7938,4169
48325,5659,10417,10869,6671
48327,389,636,420,318
48329,16284,26985,33084,28785
48331,3103,6352,4876,2350
48333,609,1142,1171,653
48335,1189,2244,1510,631
48337,1947,5130,4248,2307
48339,45780,85201,113465,128928
48341,4077,3264,3350,1779
48343,984,3559,2824,1233
48345,110,275,347,148
48347,6420,10763,11221,9229
48349,6889,9285,10706,5086
48351,1635,4209,3020,956
48353,1684,3338,3034,1443
48355,40461,68931,74723,51445
48357,1552,2006,1564,949
48359,122,470,393,278
48361,6778,20906,19747,8708
48363,3078,6638,6510,3223
48365,2695,4950,5554,2542
48367,10219,25888,29970,23710
48369,1747,1864,1308,1070
48371,3257,3788,2462,1037
48373,6460,13896,10228,4618
48375,17425,24254,22760,11275
48377,2055,701,721,934
48379,1277,3542,2716,1199
48381,6766,20196,32769,28659
48383,387,911,649,228
48385,377,687,801,392
48387,1305,3600,2904,1112
48389,3177,3433,2599,1291
48391,951,1852,1459,555
48393,41,170,209,140
48395,1795,4123,3811,1870
48397,4591,11825,21001,25668
48399,1470,2488,1823,1281
48401,7133,11707,12303,5700
48403,1215,2819,2500,1394
48405,1076,2442,1725,853
48407,3091,9580,5038,2244
48409,8624,14028,13531,6681
48411,1061,1468,1084,594
48413,402,488,752,326
48415,2378,3821,3133,1809
48417,304,489,763,683
48419,3826,5690,4478,2241
48421,435,638,691,312
48423,21183,34903,53483,39346
48425,647,2408,1542,1650
48427,16619,9379,6084,3515
48429,1350,1801,2117,1021
48431,82,403,216,74
48433,185,340,317,146
48435,667,845,610,438
48437,1340,1499,1407,766
48439,182491,314880,392574,424067
48441,8915,25865,27654,21084
48443,102,202,311,139
48445,2526,2529,2025,910
48447,146,389,318,237
48449,4639,6649,5363,3253
48451,10378,22843,23879,18481
48453,89931,139014,192725,421360
48455,1792,3802,3633,1364
48457,2718,6500,3872,2026
48459,3948,9605,9576,4768
48461,594,1001,601,234
48463,4049,4912,4783,2996
48465,9374,7211,7492,5425
48467,5876,13065,13202,6009
48469,9765,18587,19867,12033
48471,6509,18574,11813,9701
48473,5002,9297,8247,6034
48475,1575,2671,2205,918
48477,3113,7292,6799,6284
48479,49087,38292,35295,28650
48481,5865,7432,8832,4861
48483,716,1089,1209,610
48485,11300,26740,26806,19455
48487,2021,3012,2477,1346
48489,4556,4741,2821,1178
48491,24500,74262,113722,149594
48493,4114,11940,9835,7197
48495,1421,1396,1415,380
48497,6533,15461,14455,8003
48499,4926,10763,11199,5366
48501,1779,1275,1200,619
48503,2123,4201,3747,2402
48505,3063,2477,1569,933
48507,2351,2317,1655,770
49001,424,1248,1350,807
49003,2211,9891,12147,7630
49005,4298,12683,21674,24015
49007,1104,3547,6192,2239
49009,24,161,163,54
49011,8786,42660,74051,76128
49013,1322,4326,4405,1726
49015,392,1908,2986,1026
49017,253,1247,1055,892
49019,462,1967,2503,1979
49021,2023,6757,11325,8544
49023,566,2446,2319,1012
49025,400,1161,2173,1591
49027,936,2409,2903,1620
49029,121,1266,2534,2551
49031,117,527,393,263
49033,63,468,592,336
49035,65628,161676,233110,254184
49037,1367,2920,3118,1659
49039,1724,5113,7141,3698
49041,1236,4328,5210,2440
49043,1393,4380,6529,15046
49045,3418,11466,14778,9490
49047,2983,7301,7325,3297
49049,16174,49075,112013,122208
49051,1027,4144,6253,7575
49053,7579,24989,44307,29980
49055,207,437,718,415
49057,14562,46044,56935,38100
50001,1654,7403,6295,10068
50003,2250,7409,6599,9227
50005,1874,7607,5818,6257
50007,6032,20348,25765,54980
50009,625,2175,1167,766
50011,3202,13020,9840,8254
50013,376,1422,1377,2096
50015,1276,4546,5165,6792
50017,1739,7671,5637,6169
50019,2311,7798,5400,4256
50021,3161,14703,11670,13166
50023,2636,11250,10401,17463
50025,2413,9400,7889,12110
50027,2727,12080,10846,15879
51001,4360,8633,5938,4576
51003,5789,11493,15440,40215
51005,1572,4530,3438,1688
51007,1497,3787,2408,1591
51009,3264,8176,6944,4339
51011,1567,3766,3462,2319
51013,9794,13487,19446,130252
51015,6962,21353,14268,12526
51017,305,1350,993,500
51019,5655,17138,17340,16558
51021,565,2098,1581,701
51023,1775,7919,7875,6943
51025,2644,4473,3518,1670
51027,4895,5739,3805,1924
51029,2556,5422,3114,1582
51031,5118,12812,12969,8945
51033,3042,7685,5596,4053
51035,4270,7999,6627,3340
51036,1107,2092,1457,803
51037,1419,3415,2697,918
51041,17713,54442,65382,93507
51043,1131,3067,2828,3332
51045,346,1416,1120,892
51047,4772,10712,10018,8844
51049,1172,2710,2166,1057
51051,2452,4181,3052,1165
51053,3453,7382,5843,3823
51057,1394,2973,2146,1370
51059,58665,99809,141424,480163
51061,3610,12768,14204,17487
51063,1507,4146,3399,2567
51065,1720,4651,6370,6544
51067,4850,14250,12802,8920
51069,6456,19325,17039,16864
51071,1340,4686,3884,2193
51073,2821,8762,9168,6300
51075,1475,4083,4409,7159
51077,2250,4468,3634,1649
51079,1888,3873,3854,3935
51081,1954,3630,2406,805
51083,4611,8938,7475,3835
51085,5018,18615,20357,29042
51087,18757,48174,60812,99221
51089,7537,12957,12069,5268
51091,215,725,511,422
51093,3182,7345,8651,7107
51095,2672,9674,14650,27426
51097,620,1938,1430,1234
51099,1172,4607,5338,6246
51101,912,3944,4230,2417
51103,829,2646,2429,2717
51105,4188,6205,5597,2015
51107,15519,31378,51134,155565
51109,3873,8575,7464,6308
51111,1995,3626,2347,1016
51113,1335,3476,2530,2240
51115,656,2132,2202,1929
51117,4103,7220,6814,4583
51119,1083,2732,2756,1800
51121,3802,13076,13640,25446
51125,1581,3904,2238,3368
51127,1148,5412,4921,4218
51131,1523,3044,2167,1970
51133,878,3206,2893,2833
51135,2236,4151,2999,1627
51137,2860,8761,7288,6342
51139,3017,7913,4074,2384
51141,2682,4708,4094,2063
51143,7843,15841,14971,6574
51145,2160,6390,6526,6228
51147,1830,4452,3269,3489
51149,2478,8895,8754,6203
51153,34009,59087,80707,121316
51155,3212,8488,8745,5126
51157,638,1519,1376,1966
51159,1344,2455,1911,1232
51161,5179,16895,21447,24021
51163,2243,5727,4504,4537
51165,8807,19294,12360,14475
51167,3949,7601,6013,2438
51169,3056,6251,4933,2188
51171,4015,11746,8843,6353
51173,3748,8487,6972,3292
51175,2009,3942,4830,2432
51177,7811,26058,26466,28052
51179,6362,21483,28607,37498
51181,744,1794,1393,1021
51183,1651,3568,2107,1069
51185,5570,11108,9240,4550
51187,3572,9821,8015,5938
51191,5693,13678,11418,9095
51193,2042,4461,4151,2537
51195,6630,8161,8609,4124
51197,2924,8019,6205,4027
51199,2439,8651,13098,21501
51510,8351,13882,21915,75483
51520,1850,3585,3581,3068
51530,779,1662,1025,657
51540,2693,5014,5970,16679
51550,12649,38715,56280,53398
51570,1031,3795,4186,3082
51580,505,1770,1088,621
51590,5205,9002,9311,5019
51595,724,1187,1118,486
51600,965,2167,3188,9802
51610,107,696,1347,7430
51620,789,1677,2197,1099
51630,1700,4097,4407,7061
51640,1157,1444,1451,702
51650,7747,26300,32112,24346
51660,4354,6909,5944,9795
51670,2773,5448,4430,2199
51678,273,698,729,1490
51680,5077,11337,12529,15981
51683,4562,6805,7217,7819
51685,1915,2935,3156,3093
51690,1509,2504,2922,1844
51700,10498,33142,42207,30596
51710,18390,39080,51300,44060
51720,439,659,1024,625
51730,3733,7768,5932,4303
51735,431,2191,2266,3572
51740,7473,19125,23087,13925
51750,725,1951,2409,3115
51760,23054,34429,37818,62578
51770,9661,23853,20060,16387
51775,1856,4953,5524,4775
51790,1810,5261,4683,5890
51800,6175,16545,20279,17973
51810,19832,64449,112198,110580
51820,2130,5125,3918,4159
51830,392,1393,1432,4222
51840,2947,4561,4525,6503
53001,3541,3074,2566,1532
53003,1402,4536,6812,3464
53005,12580,31301,44521,39558
53007,9015,13683,15839,13370
53009,4332,15145,22361,15810
53011,23468,77569,120966,97952
53013,269,661,1334,778
53015,7975,22715,30945,12622
53017,4940,8160,8829,5664
53019,751,2015,1919,1082
53021,13284,13560,16860,9371
53023,90,451,680,396
53025,13526,15767,18440,10284
53027,5438,17927,20670,8677
53029,2833,13123,24267,20314
53031,1277,5357,7804,11495
53033,107935,234991,401547,822615
53035,9664,40956,72900,61296
53037,2392,6943,9540,9008
53039,1935,3997,5123,5075
53041,6924,16158,22598,9839
53043,557,2237,2934,1918
53045,5321,14590,18636,8252
53047,4699,8859,9808,5844
53049,1978,5037,6647,3188
53051,886,3096,3940,2078
53053,49801,160553,218927,160025
53055,568,2190,4123,6829
53057,8659,23225,33165,23147
53059,737,2675,3240,2153
53061,42691,129236,200554,181718
53063,21286,80192,137402,106165
53065,3003,11048,11962,5983
53067,12295,41842,72103,70142
53069,260,990,1407,639
53071,4658,7874,15353,11843
53073,10497,34175,51486,50116
53075,1108,3865,7259,12130
53077,39874,42557,43766,25240
54001,1654,5332,2518,1758
54003,8699,29876,23984,16869
54005,3238,7941,3256,1549
54007,2043,4835,2010,1562
54009,1534,6660,4992,3090
54011,7538,20966,18083,16406
54013,1058,2537,1173,664
54015,1382,3148,985,560
54017,1142,2780,1351,1087
54019,5409,13800,7559,4658
54021,832,2489,1299,945
54023,1533,3952,1899,1185
54025,3612,9788,7324,5163
54027,2687,7916,4413,2116
54029,2095,9127,6760,3780
54031,1993,4517,2130,1464
54033,5411,18644,12981,11238
54035,2408,9085,5525,3574
54037,3985,12109,10584,12443
54039,15034,49221,34570,33754
54041,1350,5917,2655,1681
54043,2813,6928,3668,1329
54045,4860,10562,6240,2404
54047,4285,6427,2215,736
54049,4094,15733,10121,8736
54051,1777,10241,6831,4147
54053,2697,8763,5032,2780
54055,7012,16773,10455,8256
54057,1507,9529,5325,3008
54059,4222,7348,3971,1707
54061,5005,17835,14628,28085
54063,1541,4925,1977,1529
54065,1860,5337,3773,2243
54067,2395,8785,4255,2862
54069,1938,10174,8123,9515
54071,979,2706,847,745
54073,592,2749,1453,627
54075,1124,3090,1293,956
54077,3272,11712,5632,4192
54079,3304,14567,11669,10406
54081,7251,21569,15127,9939
54083,3041,10161,4134,3624
54085,1110,3668,1606,815
54087,2118,4403,2275,1322
54089,1492,4202,2830,1442
54091,1322,5845,3074,2143
54093,657,2518,1160,1043
54095,695,3254,1588,911
54097,2430,8142,3247,2801
54099,5855,11716,6948,4361
54101,1276,3046,1129,699
54103,1535,5652,2588,1330
54105,724,1776,1257,472
54107,6148,20808,20370,13246
54109,3056,7507,3422,1441
55001,2013,6856,5006,2231
55003,828,3946,3772,2114
55005,3162,11654,10801,6644
55007,567,3351,4005,3576
55009,13787,52162,55776,52901
55011,872,3858,2979,1841
55013,801,4272,4222,2440
55015,1989,10681,11357,10027
55017,3269,15993,16451,9468
55019,3846,8634,6490,2725
55021,2948,13642,14453,9427
55023,1013,4644,3891,2159
55025,14817,62744,94026,181123
55027,5820,25813,20773,10737
55029,1212,6535,6529,7258
55031,1937,9613,11883,7456
55033,1717,9096,8866,7612
55035,3880,16400,24043,21183
55037,238,1293,1220,685
55039,5842,25836,23454,16516
55041,722,2523,2253,946
55043,2463,11171,10580,7583
55045,1969,9234,8699,6144
55047,1361,5136,4110,2679
55049,794,5858,5867,4078
55051,251,1546,1876,919
55053,1465,6026,4892,2111
55055,4806,19541,19312,14887
55057,2248,8071,6461,2675
55059,11191,34002,38291,29553
55061,1000,5802,4907,2824
55063,3775,19189,26183,26309
55065,1050,4623,3585,2149
55067,1377,5981,4416,2353
55069,1651,7858,7303,3795
55071,4540,21961,18905,11526
55073,7643,32080,30097,23791
55075,2683,12521,10089,4779
55077,1249,4684,3784,1732
55078,213,1120,826,472
55079,73772,178661,182341,195028
55081,2821,11393,10353,6356
55083,2642,11524,8811,4636
55085,1863,8667,9215,7375
55087,7376,39792,41181,37272
55089,1949,12306,17219,30196
55091,473,1993,1699,1081
55093,1287,8459,8935,7690
55095,1929,11678,11130,6538
55097,2766,14471,13181,14932
55099,847,4163,3594,1698
55101,12727,42210,44961,33606
55103,1212,5020,3723,2340
55105,10184,39821,35820,24402
55107,1239,4270,3076,1703
55109,2276,14693,21667,21149
55111,4042,15063,14663,10724
55113,935,4153,4156,2958
55115,2518,13120,9049,4600
55117,5469,28715,25737,20110
55119,1641,6123,4201,2129
55121,1870,7828,6486,3865
55123,2182,7767,6028,4601
55125,1072,5117,5915,4963
55127,6236,21302,20945,19601
55129,920,3982,4221,2722
55131,4873,28809,31560,29936
55133,10637,63919,82126,125457
55135,3031,15141,11556,7407
55137,2418,7668,5218,2971
55139,8193,38353,35736,32554
55141,3807,19850,17243,11301
56001,870,3154,6335,11118
56003,830,2336,3341,1529
56005,2152,10841,11666,5753
56007,939,3991,3374,2148
56009,876,3706,3289,1643
56011,381,1506,2147,1159
56013,2092,7883,10117,6439
56015,739,2643,3578,2427
56017,184,1023,1433,822
56019,244,1628,2269,1926
56021,4661,17162,25787,18992
56023,923,4071,4763,3027
56025,4096,16492,21386,12395
56027,236,634,629,330
56029,926,5363,7414,7059
56031,582,2499,2097,1348
56033,1001,5492,8298,6632
56035,273,2358,2626,1551
56037,2017,9239,10415,6291
56039,834,2577,4037,9875
56041,941,5383,4562,2078
56043,568,1650,2031,1297
56045,323,1904,1844,1016
72001,4352,3272,2805,2120
72003,9410,6979,5493,5530
72005,9793,11027,7685,8944
72007,5341,5416,4215,3237
72009,3620,5705,3581,3594
72011,5892,5802,4004,3663
72013,14146,18146,14575,14192
72015,2548,4898,2847,1980
72017,4364,5164,3588,3711
72019,5143,5750,4296,3671
72021,24756,30612,36057,36977
72023,10407,8741,6820,9114
72025,17004,24628,21244,28787
72027,6520,5532,5754,4678
72029,7868,9848,6521,7310
72031,17025,28785,29412,35089
72033,4490,5093,3935,3448
72035,7694,9622,6433,7564
72037,2199,2626,1903,1489
72039,3842,3433,2566,1848
72041,6643,8603,5900,6629
72043,6136,10461,5085,6081
72045,3985,3911,3729,1783
72047,7090,6052,5534,4438
72049,287,350,183,148
72051,4841,7415,5492,7655
72053,4337,7403,4530,5496
72054,1804,2902,2282,1060
72055,3392,4228,1902,1753
72057,6525,11019,4870,5805
72059,2992,3983,2767,3193
72061,10031,10932,14481,29117
72063,6444,7655,7670,10938
72065,7891,6568,7248,7090
72067,2800,3790,2560,2720
72069,8800,11585,8556,8715
72071,8835,8811,5759,6563
72073,2399,3765,1873,1791
72075,7220,10371,5975,7868
72077,6513,7767,7236,5049
72079,6034,4308,3367,2480
72081,6535,4415,4077,3414
72083,2634,1575,609,960
72085,5854,6419,8230,5909
72087,4466,7036,3713,2624
72089,2953,4098,3153,2620
72091,7481,7993,5720,6111
72093,2091,1352,551,347
72095,2605,2034,1816,1317
72097,14135,14113,8823,13297
72099,7676,7775,4605,5018
72101,6252,5852,5602,3497
72103,4686,5931,3543,3578
72105,5766,4855,5926,3178
72107,4624,4779,2480,2442
72109,3297,3571,3524,1844
72111,3602,4116,3012,3014
72113,21323,30846,18427,26757
72115,4372,5319,3901,3174
72117,3450,2570,2062,2413
72119,7683,11622,7805,8009
72121,4031,5206,3407,3050
72123,5036,7367,3440,3361
72125,6296,6984,3582,5332
72127,45234,53061,53722,90379
72129,7463,6896,7323,4870
72131,8605,7237,5738,5130
72133,2369,5840,2736,3710
72135,8701,12078,14530,14599
72137,10354,14763,15088,14700
72139,7289,11537,11097,16845
72141,5670,5859,5062,3826
72143,6899,7049,5943,5673
72145,10494,9681,8905,7834
72147,1792,2440,875,1121
72149,3330,5809,2987,3015
72151,6927,6132,6494,4293
72153,6794,8512,3973,6304
