Fips Code,Living Wage,Poverty Wage,Minimum Wage
1001,26.69,10.44,7.25
1003,27.3,10.44,7.25
1005,25.28,10.44,7.25
1007,27.8,10.44,7.25
1009,27.8,10.44,7.25
1011,25.13,10.44,7.25
1013,25.13,10.44,7.25
1015,25.76,10.44,7.25
1017,25.64,10.44,7.25
1019,25.13,10.44,7.25
1021,25.86,10.44,7.25
1023,25.18,10.44,7.25
1025,25.13,10.44,7.25
1027,25.13,10.44,7.25
1029,25.13,10.44,7.25
1031,25.51,10.44,7.25
1033,25.86,10.44,7.25
1035,25.13,10.44,7.25
1037,25.49,10.44,7.25
1039,25.13,10.44,7.25
1041,25.13,10.44,7.25
1043,25.37,10.44,7.25
1045,25.13,10.44,7.25
1047,25.18,10.44,7.25
1049,25.13,10.44,7.25
1051,26.69,10.44,7.25
1053,25.13,10.44,7.25
1055,25.71,10.44,7.25
1057,25.13,10.44,7.25
1059,25.13,10.44,7.25
1061,25.52,10.44,7.25
1063,25.13,10.44,7.25
1065,27.08,10.44,7.25
1067,25.13,10.44,7.25
1069,25.52,10.44,7.25
1071,25.38,10.44,7.25
1073,27.8,10.44,7.25
1075,25.13,10.44,7.25
1077,25.86,10.44,7.25
1079,25.67,10.44,7.25
1081,26.55,10.44,7.25
1083,26.34,10.44,7.25
1085,26.69,10.44,7.25
1087,25.31,10.44,7.25
1089,26.34,10.44,7.25
1091,25.13,10.44,7.25
1093,25.13,10.44,7.25
1095,25.28,10.44,7.25
1097,27,10.44,7.25
1099,25.13,10.44,7.25
1101,26.69,10.44,7.25
1103,25.67,10.44,7.25
1105,25.13,10.44,7.25
1107,25.13,10.44,7.25
1109,25.21,10.44,7.25
1111,25.13,10.44,7.25
1113,26.4,10.44,7.25
1115,27.8,10.44,7.25
1117,27.8,10.44,7.25
1119,26.04,10.44,7.25
1121,25.36,10.44,7.25
1123,25.13,10.44,7.25
1125,27.08,10.44,7.25
1127,26.12,10.44,7.25
1129,25.18,10.44,7.25
1131,25.13,10.44,7.25
1133,25.13,10.44,7.25
2013,27.59,13.05,10.19
2016,31.29,13.05,10.19
2020,28.28,13.05,10.19
2050,30.84,13.05,10.19
2060,27.58,13.05,10.19
2068,29.84,13.05,10.19
2070,28.87,13.05,10.19
2090,28.41,13.05,10.19
2100,26.61,13.05,10.19
2105,26.16,13.05,10.19
2110,29.46,13.05,10.19
2122,27.52,13.05,10.19
2130,29.01,13.05,10.19
2150,29.13,13.05,10.19
2158,25.85,13.05,10.19
2164,25.61,13.05,10.19
2170,26.52,13.05,10.19
2180,30.82,13.05,10.19
2185,29.46,13.05,10.19
2188,28.99,13.05,10.19
2195,27.42,13.05,10.19
2198,27,13.05,10.19
2220,28.19,13.05,10.19
2230,28.78,13.05,10.19
2240,28.22,13.05,10.19
2261,27.85,13.05,10.19
2275,26.29,13.05,10.19
2282,27.77,13.05,10.19
2290,25,13.05,10.19
4001,26.42,10.44,12
4003,27.36,10.44,12
4005,30.25,10.44,12
4007,27.82,10.44,12
4009,27.34,10.44,12
4011,26.36,10.44,12
4012,27.36,10.44,12
4013,29.59,10.44,12
4015,27.46,10.44,12
4017,26.98,10.44,12
4019,28.01,10.44,12
4021,29.59,10.44,12
4023,26.62,10.44,12
4025,28.56,10.44,12
4027,27.07,10.44,12
5001,27.07,10.44,10
5003,26.99,10.44,10
5005,27.49,10.44,10
5007,28.28,10.44,10
5009,26.99,10.44,10
5011,26.99,10.44,10
5013,27.33,10.44,10
5015,27.04,10.44,10
5017,26.99,10.44,10
5019,26.99,10.44,10
5021,26.99,10.44,10
5023,27.35,10.44,10
5025,27.59,10.44,10
5027,26.99,10.44,10
5029,26.99,10.44,10
5031,28.18,10.44,10
5033,27.39,10.44,10
5035,28.84,10.44,10
5037,27.39,10.44,10
5039,26.99,10.44,10
5041,26.99,10.44,10
5043,26.99,10.44,10
5045,28.26,10.44,10
5047,26.99,10.44,10
5049,26.99,10.44,10
5051,28.02,10.44,10
5053,27.56,10.44,10
5055,27.45,10.44,10
5057,27.08,10.44,10
5059,27.01,10.44,10
5061,26.99,10.44,10
5063,27.2,10.44,10
5065,26.99,10.44,10
5067,26.99,10.44,10
5069,27.59,10.44,10
5071,27.07,10.44,10
5073,26.99,10.44,10
5075,26.99,10.44,10
5077,26.99,10.44,10
5079,27.59,10.44,10
5081,26.99,10.44,10
5083,26.99,10.44,10
5085,28.26,10.44,10
5087,28.28,10.44,10
5089,26.99,10.44,10
5091,28.17,10.44,10
5093,27.09,10.44,10
5095,26.99,10.44,10
5097,26.99,10.44,10
5099,27.73,10.44,10
5101,26.99,10.44,10
5103,26.99,10.44,10
5105,28.26,10.44,10
5107,26.99,10.44,10
5109,26.99,10.44,10
5111,26.99,10.44,10
5113,26.99,10.44,10
5115,27.18,10.44,10
5117,26.99,10.44,10
5119,28.26,10.44,10
5121,26.99,10.44,10
5123,26.99,10.44,10
5125,28.26,10.44,10
5127,26.99,10.44,10
5129,26.99,10.44,10
5131,27.39,10.44,10
5133,26.99,10.44,10
5135,26.99,10.44,10
5137,27.01,10.44,10
5139,27,10.44,10
5141,27.08,10.44,10
5143,28.28,10.44,10
5145,27.34,10.44,10
5147,26.99,10.44,10
5149,26.99,10.44,10
6001,41.18,10.44,12
6003,31.98,10.44,12
6005,32.83,10.44,12
6007,32.55,10.44,12
6009,31.78,10.44,12
6011,31.4,10.44,12
6013,41.18,10.44,12
6015,31.7,10.44,12
6017,34.49,10.44,12
6019,31.72,10.44,12
6021,30.99,10.44,12
6023,32.17,10.44,12
6025,32.07,10.44,12
6027,31.67,10.44,12
6029,31.46,10.44,12
6031,32.35,10.44,12
6033,31.99,10.44,12
6035,31.13,10.44,12
6037,39.06,10.44,12
6039,32.66,10.44,12
6041,49.45,10.44,12
6043,32.31,10.44,12
6045,33.17,10.44,12
6047,31.47,10.44,12
6049,30.14,10.44,12
6051,34.05,10.44,12
6053,37.96,10.44,12
6055,38.48,10.44,12
6057,34.23,10.44,12
6059,41.01,10.44,12
6061,34.49,10.44,12
6063,31.24,10.44,12
6065,34.04,10.44,12
6067,34.49,10.44,12
6069,37.21,10.44,12
6071,34.04,10.44,12
6073,39.67,10.44,12
6075,49.45,10.44,12
6077,32.95,10.44,12
6079,36.81,10.44,12
6081,49.45,10.44,12
6083,41.82,10.44,12
6085,46.68,10.44,12
6087,43.29,10.44,12
6089,31.61,10.44,12
6091,33.9,10.44,12
6093,30.79,10.44,12
6095,36.3,10.44,12
6097,39,10.44,12
6099,32.66,10.44,12
6101,32.52,10.44,12
6103,31.18,10.44,12
6105,30.76,10.44,12
6107,31.43,10.44,12
6109,31.98,10.44,12
6111,38.96,10.44,12
6113,34.91,10.44,12
6115,32.52,10.44,12
8001,32.66,10.44,12
8003,26.87,10.44,12
8005,32.66,10.44,12
8007,28.07,10.44,12
8009,26.62,10.44,12
8011,26.62,10.44,12
8013,33.73,10.44,12
8014,32.66,10.44,12
8015,27.38,10.44,12
8017,26.62,10.44,12
8019,32.66,10.44,12
8021,26.62,10.44,12
8023,26.62,10.44,12
8025,26.75,10.44,12
8027,26.84,10.44,12
8029,27.79,10.44,12
8031,32.66,10.44,12
8033,26.62,10.44,12
8035,32.66,10.44,12
8037,31.72,10.44,12
8039,32.66,10.44,12
8041,29.64,10.44,12
8043,27.13,10.44,12
8045,29.64,10.44,12
8047,32.66,10.44,12
8049,28.74,10.44,12
8051,27.75,10.44,12
8053,27.01,10.44,12
8055,26.75,10.44,12
8057,27.62,10.44,12
8059,32.66,10.44,12
8061,27.62,10.44,12
8063,26.72,10.44,12
8065,27.14,10.44,12
8067,28.52,10.44,12
8069,30.37,10.44,12
8071,27.07,10.44,12
8073,26.93,10.44,12
8075,26.86,10.44,12
8077,28.89,10.44,12
8079,27.62,10.44,12
8081,26.96,10.44,12
8083,27.14,10.44,12
8085,27.35,10.44,12
8087,27.16,10.44,12
8089,26.92,10.44,12
8091,29.77,10.44,12
8093,32.66,10.44,12
8095,26.62,10.44,12
8097,32.75,10.44,12
8099,26.62,10.44,12
8101,27.5,10.44,12
8103,27.27,10.44,12
8105,26.62,10.44,12
8107,30.26,10.44,12
8109,26.62,10.44,12
8111,28.67,10.44,12
8113,31.17,10.44,12
8115,26.62,10.44,12
8117,31.58,10.44,12
8119,29.47,10.44,12
8121,26.62,10.44,12
8123,28.97,10.44,12
8125,26.62,10.44,12
9001,33.32,10.44,12
9003,29.66,10.44,12
9005,29.3,10.44,12
9007,30.29,10.44,12
9009,30.42,10.44,12
9011,29.41,10.44,12
9013,29.66,10.44,12
9015,28.16,10.44,12
10001,30.24,10.44,9.25
10003,31.56,10.44,9.25
10005,28.73,10.44,9.25
10180,25.99,10.44,7.25
10420,26.11,10.44,8.7
10500,26.87,10.44,7.25
10540,30.45,10.44,12
10580,28.27,10.44,11.8
10740,28.01,10.44,9
10780,27.75,10.44,7.25
10900,26.01,10.44,7.25
11001,35.64,10.44,13.25
11020,24.17,10.44,7.25
11100,26.06,10.44,7.25
11180,26.62,10.44,7.25
11260,27.81,13.05,10.19
11460,27.66,10.44,9.65
11500,25.74,10.44,7.25
11540,26.74,10.44,7.25
11700,29.76,10.44,7.25
12001,27.02,10.44,8.56
12003,25.8,10.44,8.56
12005,26.81,10.44,8.56
12007,25.52,10.44,8.56
12009,27.74,10.44,8.56
12011,30.76,10.44,8.56
12013,25.3,10.44,8.56
12015,27.37,10.44,8.56
12017,26.24,10.44,8.56
12019,27.61,10.44,8.56
12020,27.53,10.44,7.25
12021,29.77,10.44,8.56
12023,26.41,10.44,8.56
12027,25.6,10.44,8.56
12029,25.3,10.44,8.56
12031,27.61,10.44,8.56
12033,26.91,10.44,8.56
12035,28.03,10.44,8.56
12037,25.78,10.44,8.56
12039,27.35,10.44,8.56
12041,27.02,10.44,8.56
12043,25.82,10.44,8.56
12045,26.2,10.44,8.56
12047,25.3,10.44,8.56
12049,25.42,10.44,8.56
12051,25.56,10.44,8.56
12053,28.6,10.44,8.56
12055,26.19,10.44,8.56
12057,28.6,10.44,8.56
12059,25.42,10.44,8.56
12060,29.79,10.44,7.25
12061,27.34,10.44,8.56
12063,25.48,10.44,8.56
12065,27.35,10.44,8.56
12067,25.92,10.44,8.56
12069,28.88,10.44,8.56
12071,28.44,10.44,8.56
12073,27.35,10.44,8.56
12075,25.41,10.44,8.56
12077,25.3,10.44,8.56
12079,25.3,10.44,8.56
12081,28.69,10.44,8.56
12083,26.54,10.44,8.56
12085,28.61,10.44,8.56
12086,31.41,10.44,8.56
12087,32.1,10.44,8.56
12089,27.61,10.44,8.56
12091,28,10.44,8.56
12093,26.11,10.44,8.56
12095,28.88,10.44,8.56
12097,28.88,10.44,8.56
12099,30.61,10.44,8.56
12100,29.92,10.44,11
12101,28.6,10.44,8.56
12103,28.6,10.44,8.56
12105,26.65,10.44,8.56
12107,25.38,10.44,8.56
12109,27.61,10.44,8.56
12111,28.61,10.44,8.56
12113,26.91,10.44,8.56
12115,28.69,10.44,8.56
12117,28.88,10.44,8.56
12119,26.33,10.44,8.56
12121,25.3,10.44,8.56
12123,25.3,10.44,8.56
12125,25.3,10.44,8.56
12127,27.96,10.44,8.56
12129,26.77,10.44,8.56
12131,26.41,10.44,8.56
12133,25.3,10.44,8.56
12220,26.53,10.44,7.25
12260,27.51,10.44,7.25
12420,29.3,10.44,7.25
12540,29.9,10.44,12
12580,31.19,10.44,11
12620,27.52,10.44,12
12700,29.25,10.44,12.75
12940,28.25,10.44,7.25
12980,25.33,10.44,9.65
13001,26.23,10.44,7.25
13003,26.23,10.44,7.25
13005,26.23,10.44,7.25
13007,26.87,10.44,7.25
13009,26.71,10.44,7.25
13011,26.35,10.44,7.25
13013,29.94,10.44,7.25
13015,29.94,10.44,7.25
13017,26.23,10.44,7.25
13019,26.23,10.44,7.25
13020,24.91,10.44,9.65
13021,27.09,10.44,7.25
13023,26.23,10.44,7.25
13025,27.2,10.44,7.25
13027,26.72,10.44,7.25
13029,28.81,10.44,7.25
13031,26.64,10.44,7.25
13033,27.65,10.44,7.25
13035,28.12,10.44,7.25
13037,26.23,10.44,7.25
13039,27.68,10.44,7.25
13043,26.23,10.44,7.25
13045,29.94,10.44,7.25
13047,27.53,10.44,7.25
13049,26.23,10.44,7.25
13051,28.81,10.44,7.25
13053,27.23,10.44,7.25
13055,26.23,10.44,7.25
13057,29.94,10.44,7.25
13059,27.65,10.44,7.25
13061,26.23,10.44,7.25
13063,29.94,10.44,7.25
13065,26.23,10.44,7.25
13067,29.94,10.44,7.25
13069,26.23,10.44,7.25
13071,26.23,10.44,7.25
13073,27.65,10.44,7.25
13075,26.23,10.44,7.25
13077,29.94,10.44,7.25
13079,27.09,10.44,7.25
13081,26.23,10.44,7.25
13083,27.53,10.44,7.25
13085,29.94,10.44,7.25
13087,26.23,10.44,7.25
13089,29.94,10.44,7.25
13091,26.23,10.44,7.25
13093,26.23,10.44,7.25
13095,26.87,10.44,7.25
13097,29.94,10.44,7.25
13099,26.23,10.44,7.25
13101,26.72,10.44,7.25
13103,28.81,10.44,7.25
13105,26.23,10.44,7.25
13107,26.23,10.44,7.25
13109,26.23,10.44,7.25
13111,26.68,10.44,7.25
13113,29.94,10.44,7.25
13115,26.97,10.44,7.25
13117,29.94,10.44,7.25
13119,26.23,10.44,7.25
13121,29.94,10.44,7.25
13123,26.9,10.44,7.25
13125,26.23,10.44,7.25
13127,27.2,10.44,7.25
13129,26.24,10.44,7.25
13131,26.37,10.44,7.25
13133,26.43,10.44,7.25
13135,29.94,10.44,7.25
13137,26.6,10.44,7.25
13139,28.01,10.44,7.25
13140,26.12,10.44,7.25
13141,26.23,10.44,7.25
13143,27.54,10.44,7.25
13145,27.23,10.44,7.25
13147,26.34,10.44,7.25
13149,29.94,10.44,7.25
13151,29.94,10.44,7.25
13153,27.98,10.44,7.25
13155,26.23,10.44,7.25
13157,27.08,10.44,7.25
13159,29.94,10.44,7.25
13161,26.23,10.44,7.25
13163,26.23,10.44,7.25
13165,26.23,10.44,7.25
13167,26.23,10.44,7.25
13169,27.09,10.44,7.25
13171,27.05,10.44,7.25
13173,26.72,10.44,7.25
13175,26.23,10.44,7.25
13177,26.87,10.44,7.25
13179,27.94,10.44,7.25
13181,26.38,10.44,7.25
13183,26.45,10.44,7.25
13185,26.72,10.44,7.25
13187,27.61,10.44,7.25
13189,27.65,10.44,7.25
13191,27.2,10.44,7.25
13193,26.23,10.44,7.25
13195,27.65,10.44,7.25
13197,27.23,10.44,7.25
13199,27.49,10.44,7.25
13201,26.51,10.44,7.25
13205,26.23,10.44,7.25
13207,26.72,10.44,7.25
13209,26.23,10.44,7.25
13211,28.15,10.44,7.25
13213,26.54,10.44,7.25
13215,27.23,10.44,7.25
13217,29.94,10.44,7.25
13219,27.65,10.44,7.25
13220,25.8,10.44,8.75
13221,27.65,10.44,7.25
13223,29.94,10.44,7.25
13225,26.77,10.44,7.25
13227,29.94,10.44,7.25
13229,26.23,10.44,7.25
13231,29.94,10.44,7.25
13233,26.79,10.44,7.25
13235,26.23,10.44,7.25
13237,27.06,10.44,7.25
13239,26.23,10.44,7.25
13241,26.54,10.44,7.25
13243,26.43,10.44,7.25
13245,27.65,10.44,7.25
13247,29.94,10.44,7.25
13249,26.23,10.44,7.25
13251,26.23,10.44,7.25
13253,26.53,10.44,7.25
13255,29.94,10.44,7.25
13257,26.23,10.44,7.25
13259,26.23,10.44,7.25
13261,26.65,10.44,7.25
13263,26.28,10.44,7.25
13265,26.38,10.44,7.25
13267,26.23,10.44,7.25
13269,26.23,10.44,7.25
13271,26.23,10.44,7.25
13273,26.87,10.44,7.25
13275,27.15,10.44,7.25
13277,26.23,10.44,7.25
13279,26.23,10.44,7.25
13281,26.64,10.44,7.25
13283,26.23,10.44,7.25
13285,27.2,10.44,7.25
13287,26.23,10.44,7.25
13289,27.09,10.44,7.25
13291,26.36,10.44,7.25
13293,26.49,10.44,7.25
13295,27.53,10.44,7.25
13297,29.94,10.44,7.25
13299,26.23,10.44,7.25
13301,26.23,10.44,7.25
13303,26.23,10.44,7.25
13305,26.23,10.44,7.25
13307,26.23,10.44,7.25
13309,26.23,10.44,7.25
13311,26.71,10.44,7.25
13313,26.75,10.44,7.25
13315,26.23,10.44,7.25
13317,26.42,10.44,7.25
13319,26.23,10.44,7.25
13321,26.87,10.44,7.25
13380,27.3,10.44,13.5
13460,31.21,10.44,12
13740,27.48,10.44,8.65
13780,26.58,10.44,11.8
13820,28.01,10.44,7.25
13900,26.57,10.44,7.25
13980,28.24,10.44,7.25
14010,27.41,10.44,10
14020,26.67,10.44,7.25
14100,24.35,10.44,7.25
14260,27.98,10.44,7.25
14460,33.14,10.44,12.75
14500,33.73,10.44,12
14540,26.69,10.44,7.25
14740,28.11,10.44,13.5
14860,33.05,10.44,12
15001,32.73,12.01,10.1
15003,38.15,12.01,10.1
15005,35.18,12.01,10.1
15007,36.08,12.01,10.1
15009,35.18,12.01,10.1
15180,25.3,10.44,7.25
15260,27.08,10.44,7.25
15380,26.74,10.44,11.8
15500,27.15,10.44,7.25
15540,32,10.44,10.96
15680,30.85,10.44,11
15940,25.52,10.44,8.7
15980,28.44,10.44,8.56
16001,28.15,10.44,7.25
16003,26.48,10.44,7.25
16005,26.9,10.44,7.25
16007,26.48,10.44,7.25
16009,27,10.44,7.25
16011,26.7,10.44,7.25
16013,28.89,10.44,7.25
16015,28.15,10.44,7.25
16017,27.18,10.44,7.25
16019,27.06,10.44,7.25
16020,27.45,10.44,9.45
16021,26.48,10.44,7.25
16023,27.09,10.44,7.25
16025,26.48,10.44,7.25
16027,28.15,10.44,7.25
16029,26.48,10.44,7.25
16031,26.52,10.44,7.25
16033,26.89,10.44,7.25
16035,26.99,10.44,7.25
16037,26.59,10.44,7.25
16039,27.07,10.44,7.25
16041,26.5,10.44,7.25
16043,26.73,10.44,7.25
16045,27.51,10.44,7.25
16047,26.48,10.44,7.25
16049,26.48,10.44,7.25
16051,27.06,10.44,7.25
16053,27.02,10.44,7.25
16055,28.05,10.44,7.25
16057,26.82,10.44,7.25
16059,26.97,10.44,7.25
16060,25.85,10.44,10
16061,26.48,10.44,7.25
16063,27.22,10.44,7.25
16065,26.89,10.44,7.25
16067,26.48,10.44,7.25
16069,27.61,10.44,7.25
16071,27,10.44,7.25
16073,28.15,10.44,7.25
16075,26.86,10.44,7.25
16077,27.39,10.44,7.25
16079,26.64,10.44,7.25
16081,28.02,10.44,7.25
16083,27.12,10.44,7.25
16085,27.1,10.44,7.25
16087,26.48,10.44,7.25
16180,26.06,10.44,8
16220,26.25,10.44,7.25
16300,27.27,10.44,7.25
16540,24.83,10.44,7.25
16580,27.56,10.44,10
16620,25.36,10.44,8.75
16700,31.56,10.44,7.25
16740,28.29,10.44,7.25
16820,30.68,10.44,7.25
16860,25.26,10.44,7.25
16940,26.42,10.44,7.25
16980,29.73,10.44,10
17001,26.21,10.44,10
17003,26.57,10.44,10
17005,26.24,10.44,10
17007,26.96,10.44,10
17009,28.3,10.44,10
17011,26.41,10.44,10
17013,27.51,10.44,10
17015,26.04,10.44,10
17017,26.04,10.44,10
17019,27.2,10.44,10
17020,30.99,10.44,12
17021,26.1,10.44,10
17023,26.09,10.44,10
17025,26.04,10.44,10
17027,27.51,10.44,10
17029,26.34,10.44,10
17031,29.95,10.44,10
17033,26.04,10.44,10
17035,26.04,10.44,10
17037,28.16,10.44,10
17039,26.04,10.44,10
17041,26.04,10.44,10
17043,29.95,10.44,10
17045,26.04,10.44,10
17047,26.04,10.44,10
17049,26.04,10.44,10
17051,26.04,10.44,10
17053,27.2,10.44,10
17055,26.04,10.44,10
17057,26.5,10.44,10
17059,26.04,10.44,10
17061,26.04,10.44,10
17063,29.31,10.44,10
17065,26.04,10.44,10
17067,26.04,10.44,10
17069,26.04,10.44,10
17071,26.04,10.44,10
17073,26.61,10.44,10
17075,26.04,10.44,10
17077,26.3,10.44,10
17079,26.04,10.44,10
17081,26.16,10.44,10
17083,27.51,10.44,10
17085,26.04,10.44,10
17087,26.04,10.44,10
17089,29.95,10.44,10
17091,27.56,10.44,10
17093,29.89,10.44,10
17095,26.04,10.44,10
17097,29.95,10.44,10
17099,26.63,10.44,10
17101,26.04,10.44,10
17103,26.28,10.44,10
17105,26.12,10.44,10
17107,26.22,10.44,10
17109,26.04,10.44,10
17111,29.95,10.44,10
17113,26.95,10.44,10
17115,26.42,10.44,10
17117,26.04,10.44,10
17119,27.51,10.44,10
17121,26.04,10.44,10
17123,26.56,10.44,10
17125,26.21,10.44,10
17127,26.7,10.44,10
17129,26.78,10.44,10
17131,26.61,10.44,10
17133,27.51,10.44,10
17135,26.04,10.44,10
17137,26.24,10.44,10
17139,26.04,10.44,10
17140,26.14,10.44,8.7
17141,26.68,10.44,10
17143,26.56,10.44,10
17145,26.04,10.44,10
17147,27.2,10.44,10
17149,26.04,10.44,10
17151,26.04,10.44,10
17153,26.04,10.44,10
17155,26.35,10.44,10
17157,26.05,10.44,10
17159,26.04,10.44,10
17161,26.61,10.44,10
17163,27.51,10.44,10
17165,26.04,10.44,10
17167,26.78,10.44,10
17169,26.04,10.44,10
17171,26.04,10.44,10
17173,26.04,10.44,10
17175,26.56,10.44,10
17177,26.04,10.44,10
17179,26.56,10.44,10
17181,26.04,10.44,10
17183,26.33,10.44,10
17185,26.06,10.44,10
17187,26.04,10.44,10
17189,26.37,10.44,10
17191,26.04,10.44,10
17193,26.04,10.44,10
17195,26.43,10.44,10
17197,29.95,10.44,10
17199,26.35,10.44,10
17201,26.96,10.44,10
17203,26.56,10.44,10
17300,25.24,10.44,7.25
17420,25.09,10.44,7.25
17460,26.13,10.44,8.7
17660,27.89,10.44,7.25
17780,26.49,10.44,7.25
17820,29.64,10.44,12
17860,27.45,10.44,9.45
17900,29.63,10.44,7.25
17980,26.89,10.44,7.25
18001,25.67,10.44,7.25
18003,26.04,10.44,7.25
18005,26.8,10.44,7.25
18007,26.52,10.44,7.25
18009,25.67,10.44,7.25
18011,27.29,10.44,7.25
18013,27.29,10.44,7.25
18015,25.67,10.44,7.25
18017,25.67,10.44,7.25
18019,26.77,10.44,7.25
18020,26.8,10.44,7.25
18021,26.18,10.44,7.25
18023,26.02,10.44,7.25
18025,25.67,10.44,7.25
18027,25.85,10.44,7.25
18029,26.72,10.44,7.25
18031,26.46,10.44,7.25
18033,25.97,10.44,7.25
18035,25.9,10.44,7.25
18037,25.67,10.44,7.25
18039,26.39,10.44,7.25
18041,25.67,10.44,7.25
18043,26.77,10.44,7.25
18045,25.81,10.44,7.25
18047,25.71,10.44,7.25
18049,25.67,10.44,7.25
18051,25.67,10.44,7.25
18053,25.67,10.44,7.25
18055,25.67,10.44,7.25
18057,27.29,10.44,7.25
18059,27.29,10.44,7.25
18061,26.77,10.44,7.25
18063,27.29,10.44,7.25
18065,25.69,10.44,7.25
18067,25.78,10.44,7.25
18069,25.67,10.44,7.25
18071,25.98,10.44,7.25
18073,26.74,10.44,7.25
18075,25.67,10.44,7.25
18077,25.95,10.44,7.25
18079,25.82,10.44,7.25
18081,27.29,10.44,7.25
18083,26.03,10.44,7.25
18085,26.01,10.44,7.25
18087,25.67,10.44,7.25
18089,27.08,10.44,7.25
18091,26.15,10.44,7.25
18093,25.92,10.44,7.25
18095,26.31,10.44,7.25
18097,27.29,10.44,7.25
18099,25.67,10.44,7.25
18101,25.67,10.44,7.25
18103,25.67,10.44,7.25
18105,26.82,10.44,7.25
18107,25.97,10.44,7.25
18109,27.29,10.44,7.25
18111,27.08,10.44,7.25
18113,25.67,10.44,7.25
18115,26.72,10.44,7.25
18117,25.67,10.44,7.25
18119,25.67,10.44,7.25
18121,25.92,10.44,7.25
18123,25.67,10.44,7.25
18125,25.67,10.44,7.25
18127,27.08,10.44,7.25
18129,26.22,10.44,7.25
18131,25.67,10.44,7.25
18133,25.95,10.44,7.25
18135,25.67,10.44,7.25
18137,25.67,10.44,7.25
18139,25.67,10.44,7.25
18140,27.07,10.44,8.7
18141,26.55,10.44,7.25
18143,26.26,10.44,7.25
18145,27.29,10.44,7.25
18147,25.67,10.44,7.25
18149,25.67,10.44,7.25
18151,26.19,10.44,7.25
18153,26.2,10.44,7.25
18155,25.67,10.44,7.25
18157,26.52,10.44,7.25
18159,26.34,10.44,7.25
18161,25.67,10.44,7.25
18163,26.22,10.44,7.25
18165,26.18,10.44,7.25
18167,26.18,10.44,7.25
18169,25.71,10.44,7.25
18171,25.82,10.44,7.25
18173,26.22,10.44,7.25
18175,25.67,10.44,7.25
18177,25.74,10.44,7.25
18179,26.04,10.44,7.25
18181,25.8,10.44,7.25
18183,26.04,10.44,7.25
18580,27.22,10.44,7.25
18700,31.06,10.44,12
18880,27.6,10.44,8.56
19001,27.39,10.44,7.25
19003,27.39,10.44,7.25
19005,27.39,10.44,7.25
19007,27.39,10.44,7.25
19009,27.39,10.44,7.25
19011,27.39,10.44,7.25
19013,27.95,10.44,7.25
19015,27.81,10.44,7.25
19017,27.39,10.44,7.25
19019,27.46,10.44,7.25
19021,27.39,10.44,7.25
19023,27.39,10.44,7.25
19025,27.39,10.44,7.25
19027,27.39,10.44,7.25
19029,27.39,10.44,7.25
19031,27.81,10.44,7.25
19033,27.92,10.44,7.25
19035,27.39,10.44,7.25
19037,27.39,10.44,7.25
19039,27.91,10.44,7.25
19041,27.39,10.44,7.25
19043,27.39,10.44,7.25
19045,27.79,10.44,7.25
19047,27.39,10.44,7.25
19049,28.97,10.44,7.25
19051,27.45,10.44,7.25
19053,27.39,10.44,7.25
19055,27.39,10.44,7.25
19057,28.3,10.44,7.25
19059,27.86,10.44,7.25
19060,26.49,10.44,11
19061,28.1,10.44,7.25
19063,27.39,10.44,7.25
19065,27.39,10.44,7.25
19067,27.39,10.44,7.25
19069,27.39,10.44,7.25
19071,27.39,10.44,7.25
19073,27.39,10.44,7.25
19075,27.95,10.44,7.25
19077,28.97,10.44,7.25
19079,27.56,10.44,7.25
19081,27.39,10.44,7.25
19083,27.39,10.44,7.25
19085,29.31,10.44,7.25
19087,27.56,10.44,7.25
19089,27.39,10.44,7.25
19091,27.39,10.44,7.25
19093,27.39,10.44,7.25
19095,27.39,10.44,7.25
19097,27.39,10.44,7.25
19099,27.69,10.44,7.25
19100,28.74,10.44,7.25
19101,27.81,10.44,7.25
19103,29.79,10.44,7.25
19105,27.39,10.44,7.25
19107,27.39,10.44,7.25
19109,27.39,10.44,7.25
19111,27.42,10.44,7.25
19113,28.06,10.44,7.25
19115,27.53,10.44,7.25
19117,28.15,10.44,7.25
19119,27.39,10.44,7.25
19121,28.97,10.44,7.25
19123,27.5,10.44,7.25
19125,27.74,10.44,7.25
19127,28.01,10.44,7.25
19129,29.31,10.44,7.25
19131,27.39,10.44,7.25
19133,27.39,10.44,7.25
19135,27.64,10.44,7.25
19137,27.39,10.44,7.25
19139,28.44,10.44,7.25
19140,26.58,10.44,7.25
19141,27.39,10.44,7.25
19143,27.39,10.44,7.25
19145,27.39,10.44,7.25
19147,27.39,10.44,7.25
19149,27.39,10.44,7.25
19151,27.39,10.44,7.25
19153,28.97,10.44,7.25
19155,29.31,10.44,7.25
19157,27.72,10.44,7.25
19159,27.39,10.44,7.25
19161,27.39,10.44,7.25
19163,28.07,10.44,7.25
19165,27.39,10.44,7.25
19167,27.39,10.44,7.25
19169,28.65,10.44,7.25
19171,27.45,10.44,7.25
19173,27.39,10.44,7.25
19175,27.39,10.44,7.25
19177,27.39,10.44,7.25
19179,27.73,10.44,7.25
19180,26.33,10.44,10
19181,28.97,10.44,7.25
19183,28.26,10.44,7.25
19185,27.39,10.44,7.25
19187,27.39,10.44,7.25
19189,27.39,10.44,7.25
19191,27.39,10.44,7.25
19193,28.25,10.44,7.25
19195,27.39,10.44,7.25
19197,27.39,10.44,7.25
19300,27.27,10.44,7.25
19340,27.39,10.44,7.25
19380,25.62,10.44,8.7
19460,25.64,10.44,7.25
19500,26.42,10.44,10
19660,27.97,10.44,8.56
19740,32.66,10.44,12
19780,27.93,10.44,7.25
19820,26.63,10.44,9.65
20001,26.23,10.44,7.25
20003,26.23,10.44,7.25
20005,26.23,10.44,7.25
20007,26.23,10.44,7.25
20009,26.23,10.44,7.25
20011,26.23,10.44,7.25
20013,26.23,10.44,7.25
20015,27,10.44,7.25
20017,26.23,10.44,7.25
20019,26.34,10.44,7.25
20020,25.45,10.44,7.25
20021,26.26,10.44,7.25
20023,26.23,10.44,7.25
20025,26.92,10.44,7.25
20027,26.86,10.44,7.25
20029,26.23,10.44,7.25
20031,26.23,10.44,7.25
20033,26.23,10.44,7.25
20035,26.31,10.44,7.25
20037,26.29,10.44,7.25
20039,26.23,10.44,7.25
20041,26.23,10.44,7.25
20043,26.82,10.44,7.25
20045,27.76,10.44,7.25
20047,26.23,10.44,7.25
20049,26.23,10.44,7.25
20051,26.31,10.44,7.25
20053,26.23,10.44,7.25
20055,26.77,10.44,7.25
20057,26.6,10.44,7.25
20059,26.78,10.44,7.25
20061,27.97,10.44,7.25
20063,26.23,10.44,7.25
20065,26.23,10.44,7.25
20067,26.23,10.44,7.25
20069,26.23,10.44,7.25
20071,26.23,10.44,7.25
20073,26.23,10.44,7.25
20075,26.23,10.44,7.25
20077,26.23,10.44,7.25
20079,27,10.44,7.25
20081,26.73,10.44,7.25
20083,26.23,10.44,7.25
20085,26.75,10.44,7.25
20087,26.75,10.44,7.25
20089,26.23,10.44,7.25
20091,28.1,10.44,7.25
20093,26.23,10.44,7.25
20095,26.23,10.44,7.25
20097,26.23,10.44,7.25
20099,26.23,10.44,7.25
20100,29.57,10.44,9.25
20101,26.23,10.44,7.25
20103,28.1,10.44,7.25
20105,26.23,10.44,7.25
20107,28.1,10.44,7.25
20109,26.23,10.44,7.25
20111,26.23,10.44,7.25
20113,26.68,10.44,7.25
20115,26.23,10.44,7.25
20117,26.23,10.44,7.25
20119,26.23,10.44,7.25
20121,28.1,10.44,7.25
20123,26.23,10.44,7.25
20125,26.23,10.44,7.25
20127,26.23,10.44,7.25
20129,26.23,10.44,7.25
20131,26.23,10.44,7.25
20133,26.23,10.44,7.25
20135,26.23,10.44,7.25
20137,26.23,10.44,7.25
20139,26.75,10.44,7.25
20141,26.23,10.44,7.25
20143,26.34,10.44,7.25
20145,26.23,10.44,7.25
20147,26.23,10.44,7.25
20149,28.04,10.44,7.25
20151,26.53,10.44,7.25
20153,26.23,10.44,7.25
20155,26.49,10.44,7.25
20157,26.23,10.44,7.25
20159,26.23,10.44,7.25
20161,28.04,10.44,7.25
20163,26.23,10.44,7.25
20165,26.23,10.44,7.25
20167,26.23,10.44,7.25
20169,26.77,10.44,7.25
20171,26.23,10.44,7.25
20173,27,10.44,7.25
20175,26.55,10.44,7.25
20177,26.75,10.44,7.25
20179,26.23,10.44,7.25
20181,26.56,10.44,7.25
20183,26.23,10.44,7.25
20185,26.23,10.44,7.25
20187,26.23,10.44,7.25
20189,26.33,10.44,7.25
20191,26.41,10.44,7.25
20193,26.23,10.44,7.25
20195,26.23,10.44,7.25
20197,26.75,10.44,7.25
20199,26.23,10.44,7.25
20201,26.23,10.44,7.25
20203,26.23,10.44,7.25
20205,26.23,10.44,7.25
20207,26.23,10.44,7.25
20209,28.1,10.44,7.25
20220,27.43,10.44,7.25
20260,27.25,10.44,10
20500,27.98,10.44,7.25
20700,26.05,10.44,7.25
20740,26.59,10.44,7.25
20940,30.51,10.44,12
21001,25.76,10.44,7.25
21003,25.92,10.44,7.25
21005,26.46,10.44,7.25
21007,26.12,10.44,7.25
21009,25.98,10.44,7.25
21011,25.97,10.44,7.25
21013,25.76,10.44,7.25
21015,27.44,10.44,7.25
21017,27.39,10.44,7.25
21019,27.03,10.44,7.25
21021,26.35,10.44,7.25
21023,27.44,10.44,7.25
21025,25.76,10.44,7.25
21027,25.76,10.44,7.25
21029,27.49,10.44,7.25
21031,25.76,10.44,7.25
21033,25.76,10.44,7.25
21035,26.61,10.44,7.25
21037,27.44,10.44,7.25
21039,25.9,10.44,7.25
21041,25.85,10.44,7.25
21043,25.76,10.44,7.25
21045,25.76,10.44,7.25
21047,27.47,10.44,7.25
21049,27.39,10.44,7.25
21051,25.76,10.44,7.25
21053,25.76,10.44,7.25
21055,25.76,10.44,7.25
21057,25.76,10.44,7.25
21059,26.88,10.44,7.25
21060,26.65,10.44,7.25
21061,27.02,10.44,7.25
21063,25.79,10.44,7.25
21065,25.76,10.44,7.25
21067,27.39,10.44,7.25
21069,25.76,10.44,7.25
21071,25.76,10.44,7.25
21073,26.61,10.44,7.25
21075,25.76,10.44,7.25
21077,27.44,10.44,7.25
21079,26.09,10.44,7.25
21081,26.8,10.44,7.25
21083,25.76,10.44,7.25
21085,25.76,10.44,7.25
21087,25.76,10.44,7.25
21089,27.03,10.44,7.25
21091,26.88,10.44,7.25
21093,26.84,10.44,7.25
21095,25.76,10.44,7.25
21097,25.76,10.44,7.25
21099,25.76,10.44,7.25
21101,26.92,10.44,7.25
21103,27.49,10.44,7.25
21105,25.76,10.44,7.25
21107,25.9,10.44,7.25
21109,25.76,10.44,7.25
21111,27.49,10.44,7.25
21113,27.39,10.44,7.25
21115,25.76,10.44,7.25
21117,27.44,10.44,7.25
21119,25.76,10.44,7.25
21121,25.76,10.44,7.25
21123,26.84,10.44,7.25
21125,25.84,10.44,7.25
21127,25.76,10.44,7.25
21129,25.76,10.44,7.25
21131,25.76,10.44,7.25
21133,25.76,10.44,7.25
21135,25.76,10.44,7.25
21137,25.76,10.44,7.25
21139,25.95,10.44,7.25
21140,26.39,10.44,7.25
21141,25.76,10.44,7.25
21143,25.76,10.44,7.25
21145,26.56,10.44,7.25
21147,25.76,10.44,7.25
21149,26.88,10.44,7.25
21151,26.29,10.44,7.25
21153,25.76,10.44,7.25
21155,25.81,10.44,7.25
21157,26.28,10.44,7.25
21159,25.76,10.44,7.25
21161,25.8,10.44,7.25
21163,26.41,10.44,7.25
21165,25.76,10.44,7.25
21167,25.97,10.44,7.25
21169,25.76,10.44,7.25
21171,25.76,10.44,7.25
21173,26.33,10.44,7.25
21175,25.76,10.44,7.25
21177,25.76,10.44,7.25
21179,26.28,10.44,7.25
21181,25.76,10.44,7.25
21183,25.76,10.44,7.25
21185,27.49,10.44,7.25
21187,25.82,10.44,7.25
21189,25.76,10.44,7.25
21191,27.44,10.44,7.25
21193,25.76,10.44,7.25
21195,26.18,10.44,7.25
21197,25.85,10.44,7.25
21199,25.88,10.44,7.25
21201,25.76,10.44,7.25
21203,25.76,10.44,7.25
21205,26.19,10.44,7.25
21207,25.76,10.44,7.25
21209,27.39,10.44,7.25
21211,27.24,10.44,7.25
21213,26.38,10.44,7.25
21215,27.49,10.44,7.25
21217,25.76,10.44,7.25
21219,25.89,10.44,7.25
21221,27.47,10.44,7.25
21223,27.49,10.44,7.25
21225,25.76,10.44,7.25
21227,27.02,10.44,7.25
21229,25.92,10.44,7.25
21231,25.76,10.44,7.25
21233,25.76,10.44,7.25
21235,25.76,10.44,7.25
21237,25.76,10.44,7.25
21239,27.39,10.44,7.25
21300,26.71,10.44,11.8
21340,25.75,10.44,7.25
21420,26.97,10.44,7.25
21500,24.2,10.44,7.25
21660,31.05,10.44,12
21780,26.22,10.44,7.25
21820,28.41,13.05,10.19
22001,27.9,10.44,7.25
22003,27.9,10.44,7.25
22005,29.23,10.44,7.25
22007,28.1,10.44,7.25
22009,27.94,10.44,7.25
22011,27.9,10.44,7.25
22013,27.9,10.44,7.25
22015,28.99,10.44,7.25
22017,28.99,10.44,7.25
22019,28.81,10.44,7.25
22020,26.01,10.44,7.25
22021,27.9,10.44,7.25
22023,28.81,10.44,7.25
22025,27.9,10.44,7.25
22027,28.18,10.44,7.25
22029,27.9,10.44,7.25
22031,28.99,10.44,7.25
22033,29.23,10.44,7.25
22035,27.9,10.44,7.25
22037,29.23,10.44,7.25
22039,27.9,10.44,7.25
22041,27.9,10.44,7.25
22043,28.5,10.44,7.25
22045,28.57,10.44,7.25
22047,27.9,10.44,7.25
22049,27.9,10.44,7.25
22051,30.55,10.44,7.25
22053,27.9,10.44,7.25
22055,29.36,10.44,7.25
22057,29.07,10.44,7.25
22059,27.9,10.44,7.25
22061,28.29,10.44,7.25
22063,29.23,10.44,7.25
22065,27.9,10.44,7.25
22067,27.9,10.44,7.25
22069,28.84,10.44,7.25
22071,30.55,10.44,7.25
22073,28.36,10.44,7.25
22075,30.55,10.44,7.25
22077,29.23,10.44,7.25
22079,28.5,10.44,7.25
22081,28.28,10.44,7.25
22083,27.9,10.44,7.25
22085,27.9,10.44,7.25
22087,30.55,10.44,7.25
22089,30.55,10.44,7.25
22091,29.23,10.44,7.25
22093,28.61,10.44,7.25
22095,30.55,10.44,7.25
22097,28.09,10.44,7.25
22099,29.36,10.44,7.25
22101,29.15,10.44,7.25
22103,30.55,10.44,7.25
22105,29.06,10.44,7.25
22107,27.9,10.44,7.25
22109,29.07,10.44,7.25
22111,28.36,10.44,7.25
22113,27.9,10.44,7.25
22115,30.55,10.44,7.25
22117,27.9,10.44,7.25
22119,27.9,10.44,7.25
22121,29.23,10.44,7.25
22123,27.9,10.44,7.25
22125,29.23,10.44,7.25
22127,27.9,10.44,7.25
22140,27.62,10.44,9
22180,25.54,10.44,7.25
22220,27.91,10.44,10
22380,29.9,10.44,12
22420,25.26,10.44,9.65
22500,28.46,10.44,7.25
22520,25.84,10.44,7.25
22540,26.47,10.44,7.25
22660,30.37,10.44,12
22900,27.47,10.44,10
23001,27.96,10.44,12
23003,27,10.44,12
23005,31.82,10.44,12
23007,27,10.44,12
23009,28.33,10.44,12
23011,27.62,10.44,12
23013,27.94,10.44,12
23015,28.18,10.44,12
23017,27.63,10.44,12
23019,27.92,10.44,12
23021,27,10.44,12
23023,28.82,10.44,12
23025,27.49,10.44,12
23027,27.84,10.44,12
23029,27.5,10.44,12
23031,30.31,10.44,12
23060,26.41,10.44,7.25
23420,30.16,10.44,12
23460,25.69,10.44,7.25
23540,26.21,10.44,8.56
23580,27.89,10.44,7.25
23900,25.11,10.44,7.25
24001,26.52,10.44,11
24003,31.22,10.44,11
24005,31.22,10.44,11
24009,33.57,10.44,11
24011,28.3,10.44,11
24013,31.22,10.44,11
24015,30.16,10.44,11
24017,33.57,10.44,11
24019,27.96,10.44,11
24020,27.56,10.44,11.8
24021,33.57,10.44,11
24023,26.65,10.44,11
24025,31.22,10.44,11
24027,31.22,10.44,11
24029,28.75,10.44,11
24031,33.57,10.44,11
24033,33.57,10.44,11
24035,31.22,10.44,11
24037,30.88,10.44,11
24039,26.71,10.44,11
24041,29.71,10.44,11
24043,27.64,10.44,11
24045,28.57,10.44,11
24047,28.35,10.44,11
24140,26.9,10.44,7.25
24220,25.99,10.44,7.25
24260,27.78,10.44,9
24300,28.89,10.44,12
24340,26.12,10.44,9.65
24420,30.26,10.44,12
24500,26.78,10.44,8.65
24510,31.22,10.44,11
24540,28.97,10.44,12
24580,26.73,10.44,7.25
24660,26.95,10.44,7.25
24780,26.63,10.44,7.25
24860,28.93,10.44,7.25
25001,29.25,10.44,12.75
25003,26.37,10.44,12.75
25005,26.65,10.44,12.75
25007,30.69,10.44,12.75
25009,32.88,10.44,12.75
25011,26.45,10.44,12.75
25013,26.58,10.44,12.75
25015,26.58,10.44,12.75
25017,33.64,10.44,12.75
25019,30.63,10.44,12.75
25021,34.42,10.44,12.75
25023,31.88,10.44,12.75
25025,34.6,10.44,12.75
25027,27.6,10.44,12.75
25060,26.71,10.44,7.25
25180,27.45,10.44,11
25220,28.31,10.44,7.25
25260,30.79,10.44,12
25420,25.39,10.44,7.25
25500,27.69,10.44,7.25
25540,29.48,10.44,12
25620,26.22,10.44,7.25
25860,26.18,10.44,7.25
25940,30.27,10.44,7.25
25980,27.48,10.44,7.25
26001,24.76,10.44,9.65
26003,24.76,10.44,9.65
26005,25.06,10.44,9.65
26007,24.76,10.44,9.65
26009,24.76,10.44,9.65
26011,24.76,10.44,9.65
26013,24.76,10.44,9.65
26015,25.74,10.44,9.65
26017,24.91,10.44,9.65
26019,25.2,10.44,9.65
26021,25.14,10.44,9.65
26023,24.89,10.44,9.65
26025,25.33,10.44,9.65
26027,25.42,10.44,9.65
26029,25.02,10.44,9.65
26031,24.76,10.44,9.65
26033,24.76,10.44,9.65
26035,24.76,10.44,9.65
26037,26.03,10.44,9.65
26039,24.88,10.44,9.65
26041,24.76,10.44,9.65
26043,24.94,10.44,9.65
26045,26.03,10.44,9.65
26047,25.35,10.44,9.65
26049,25.26,10.44,9.65
26051,24.76,10.44,9.65
26053,24.76,10.44,9.65
26055,26.16,10.44,9.65
26057,24.76,10.44,9.65
26059,24.84,10.44,9.65
26061,24.76,10.44,9.65
26063,24.76,10.44,9.65
26065,26.03,10.44,9.65
26067,25.14,10.44,9.65
26069,24.76,10.44,9.65
26071,24.76,10.44,9.65
26073,24.81,10.44,9.65
26075,25.35,10.44,9.65
26077,25.65,10.44,9.65
26079,24.76,10.44,9.65
26081,26.52,10.44,9.65
26083,24.76,10.44,9.65
26085,24.76,10.44,9.65
26087,26.62,10.44,9.65
26089,25.3,10.44,9.65
26091,24.94,10.44,9.65
26093,26.83,10.44,9.65
26095,24.76,10.44,9.65
26097,24.76,10.44,9.65
26099,26.62,10.44,9.65
26101,24.76,10.44,9.65
26103,25.04,10.44,9.65
26105,24.84,10.44,9.65
26107,24.76,10.44,9.65
26109,24.76,10.44,9.65
26111,25.41,10.44,9.65
26113,25,10.44,9.65
26115,25.73,10.44,9.65
26117,25.01,10.44,9.65
26119,24.76,10.44,9.65
26121,25.24,10.44,9.65
26123,24.76,10.44,9.65
26125,26.62,10.44,9.65
26127,24.76,10.44,9.65
26129,24.76,10.44,9.65
26131,24.76,10.44,9.65
26133,24.76,10.44,9.65
26135,24.76,10.44,9.65
26137,25.24,10.44,9.65
26139,25.63,10.44,9.65
26140,26.24,10.44,8.56
26141,24.76,10.44,9.65
26143,24.76,10.44,9.65
26145,25.18,10.44,9.65
26147,26.62,10.44,9.65
26149,24.76,10.44,9.65
26151,24.76,10.44,9.65
26153,24.76,10.44,9.65
26155,24.76,10.44,9.65
26157,24.76,10.44,9.65
26159,25.65,10.44,9.65
26161,27.66,10.44,9.65
26163,26.62,10.44,9.65
26165,24.89,10.44,9.65
26300,27.45,10.44,10
26380,28.32,10.44,7.25
26420,27.54,10.44,7.25
26580,26.39,10.44,8.75
26620,26.32,10.44,7.25
26820,26.91,10.44,7.25
26900,27.2,10.44,7.25
26980,28.92,10.44,7.25
27001,27.37,10.44,10
27003,30.63,10.44,10
27005,27.28,10.44,10
27007,27.56,10.44,10
27009,27.63,10.44,10
27011,26.97,10.44,10
27013,28.48,10.44,10
27015,26.97,10.44,10
27017,27.72,10.44,10
27019,30.63,10.44,10
27021,27.38,10.44,10
27023,26.97,10.44,10
27025,30.63,10.44,10
27027,27.85,10.44,10
27029,26.97,10.44,10
27031,26.97,10.44,10
27033,26.97,10.44,10
27035,27.86,10.44,10
27037,30.63,10.44,10
27039,29.18,10.44,10
27041,27.67,10.44,10
27043,26.97,10.44,10
27045,26.97,10.44,10
27047,27.14,10.44,10
27049,27.48,10.44,10
27051,26.97,10.44,10
27053,30.63,10.44,10
27055,27.81,10.44,10
27057,27.03,10.44,10
27059,30.63,10.44,10
27060,29.13,10.44,11.8
27061,27.58,10.44,10
27063,26.97,10.44,10
27065,27.84,10.44,10
27067,27.38,10.44,10
27069,26.97,10.44,10
27071,26.97,10.44,10
27073,26.97,10.44,10
27075,27.37,10.44,10
27077,27.44,10.44,10
27079,28.05,10.44,10
27081,26.97,10.44,10
27083,26.97,10.44,10
27085,27.43,10.44,10
27087,26.99,10.44,10
27089,26.97,10.44,10
27091,26.97,10.44,10
27093,27.49,10.44,10
27095,28.34,10.44,10
27097,26.97,10.44,10
27099,27.51,10.44,10
27100,25.35,10.44,9.65
27101,26.97,10.44,10
27103,28.48,10.44,10
27105,27.3,10.44,10
27107,26.97,10.44,10
27109,29.18,10.44,10
27111,27.04,10.44,10
27113,27.31,10.44,10
27115,27.49,10.44,10
27117,26.97,10.44,10
27119,27.84,10.44,10
27121,27.24,10.44,10
27123,30.63,10.44,10
27125,26.97,10.44,10
27127,26.97,10.44,10
27129,26.97,10.44,10
27131,28.5,10.44,10
27133,27.11,10.44,10
27135,27.16,10.44,10
27137,27.72,10.44,10
27139,30.63,10.44,10
27140,27.18,10.44,7.25
27141,30.63,10.44,10
27143,27.49,10.44,10
27145,27.63,10.44,10
27147,27.84,10.44,10
27149,26.97,10.44,10
27151,26.97,10.44,10
27153,26.97,10.44,10
27155,26.97,10.44,10
27157,27.4,10.44,10
27159,26.97,10.44,10
27161,26.97,10.44,10
27163,30.63,10.44,10
27165,26.97,10.44,10
27167,26.97,10.44,10
27169,27.42,10.44,10
27171,30.63,10.44,10
27173,26.97,10.44,10
27180,23.45,10.44,7.25
27260,27.58,10.44,8.56
27340,27.68,10.44,7.25
27500,26.89,10.44,7.25
27620,26.79,10.44,9.45
27740,24.32,10.44,7.25
27780,23.79,10.44,7.25
27860,27.38,10.44,10
27900,27.09,10.44,9.45
27980,34.72,12.01,10.1
28001,25.93,10.44,7.25
28003,25.78,10.44,7.25
28005,25.78,10.44,7.25
28007,25.78,10.44,7.25
28009,25.78,10.44,7.25
28011,25.78,10.44,7.25
28013,25.78,10.44,7.25
28015,25.84,10.44,7.25
28017,25.78,10.44,7.25
28019,25.98,10.44,7.25
28020,27.35,10.44,9.65
28021,25.78,10.44,7.25
28023,25.78,10.44,7.25
28025,25.78,10.44,7.25
28027,25.78,10.44,7.25
28029,27.58,10.44,7.25
28031,25.95,10.44,7.25
28033,27.39,10.44,7.25
28035,26.97,10.44,7.25
28037,25.78,10.44,7.25
28039,26.42,10.44,7.25
28041,25.78,10.44,7.25
28043,25.78,10.44,7.25
28045,27.12,10.44,7.25
28047,27.12,10.44,7.25
28049,27.58,10.44,7.25
28051,25.78,10.44,7.25
28053,25.78,10.44,7.25
28055,25.78,10.44,7.25
28057,25.78,10.44,7.25
28059,26.96,10.44,7.25
28061,25.84,10.44,7.25
28063,25.78,10.44,7.25
28065,25.78,10.44,7.25
28067,26.25,10.44,7.25
28069,25.78,10.44,7.25
28071,27.63,10.44,7.25
28073,26.97,10.44,7.25
28075,26.54,10.44,7.25
28077,26.43,10.44,7.25
28079,25.78,10.44,7.25
28081,26.37,10.44,7.25
28083,25.78,10.44,7.25
28085,25.78,10.44,7.25
28087,26.02,10.44,7.25
28089,27.58,10.44,7.25
28091,25.78,10.44,7.25
28093,25.84,10.44,7.25
28095,25.78,10.44,7.25
28097,25.78,10.44,7.25
28099,25.78,10.44,7.25
28100,27.56,10.44,10
28101,25.89,10.44,7.25
28103,25.78,10.44,7.25
28105,26.75,10.44,7.25
28107,25.83,10.44,7.25
28109,26.57,10.44,7.25
28111,26.97,10.44,7.25
28113,26,10.44,7.25
28115,25.87,10.44,7.25
28117,25.78,10.44,7.25
28119,25.78,10.44,7.25
28121,27.58,10.44,7.25
28123,25.78,10.44,7.25
28125,25.78,10.44,7.25
28127,26.42,10.44,7.25
28129,25.78,10.44,7.25
28131,25.78,10.44,7.25
28133,25.78,10.44,7.25
28135,25.78,10.44,7.25
28137,26.05,10.44,7.25
28139,25.78,10.44,7.25
28140,28.91,10.44,9.45
28141,25.78,10.44,7.25
28143,26.71,10.44,7.25
28145,25.78,10.44,7.25
28147,25.78,10.44,7.25
28149,26.04,10.44,7.25
28151,25.78,10.44,7.25
28153,25.78,10.44,7.25
28155,25.78,10.44,7.25
28157,25.78,10.44,7.25
28159,25.78,10.44,7.25
28161,25.78,10.44,7.25
28163,26.16,10.44,7.25
28420,26.72,10.44,13.5
28660,25.46,10.44,7.25
28700,24.46,10.44,7.25
28740,29.44,10.44,11.8
28940,25.79,10.44,7.25
29001,26.58,10.44,9.45
29003,27.76,10.44,9.45
29005,26.58,10.44,9.45
29007,26.78,10.44,9.45
29009,26.58,10.44,9.45
29011,26.58,10.44,9.45
29013,27.04,10.44,9.45
29015,26.58,10.44,9.45
29017,27.58,10.44,9.45
29019,28.46,10.44,9.45
29020,25.78,10.44,7.25
29021,27.76,10.44,9.45
29023,26.8,10.44,9.45
29025,29.06,10.44,9.45
29027,27.22,10.44,9.45
29029,26.96,10.44,9.45
29031,27.58,10.44,9.45
29033,26.58,10.44,9.45
29035,26.59,10.44,9.45
29037,29.06,10.44,9.45
29039,26.58,10.44,9.45
29041,26.58,10.44,9.45
29043,27.39,10.44,9.45
29045,26.58,10.44,9.45
29047,29.06,10.44,9.45
29049,29.06,10.44,9.45
29051,26.84,10.44,9.45
29053,26.58,10.44,9.45
29055,26.58,10.44,9.45
29056,28.53,10.44,9.45
29057,26.68,10.44,9.45
29059,26.58,10.44,9.45
29061,26.58,10.44,9.45
29063,27.76,10.44,9.45
29065,26.58,10.44,9.45
29067,26.58,10.44,9.45
29069,26.58,10.44,9.45
29071,28.53,10.44,9.45
29073,26.58,10.44,9.45
29075,26.58,10.44,9.45
29077,27.39,10.44,9.45
29079,26.58,10.44,9.45
29081,26.58,10.44,9.45
29083,27.05,10.44,9.45
29085,26.58,10.44,9.45
29087,26.58,10.44,9.45
29089,27.01,10.44,9.45
29091,26.64,10.44,9.45
29093,26.58,10.44,9.45
29095,29.06,10.44,9.45
29097,27.22,10.44,9.45
29099,28.53,10.44,9.45
29100,26.87,10.44,7.25
29101,27.08,10.44,9.45
29103,26.58,10.44,9.45
29105,26.58,10.44,9.45
29107,29.06,10.44,9.45
29109,26.58,10.44,9.45
29111,26.58,10.44,9.45
29113,28.53,10.44,9.45
29115,26.58,10.44,9.45
29117,26.75,10.44,9.45
29119,26.58,10.44,9.45
29121,26.58,10.44,9.45
29123,26.58,10.44,9.45
29125,26.58,10.44,9.45
29127,26.66,10.44,9.45
29129,26.58,10.44,9.45
29131,26.95,10.44,9.45
29133,26.7,10.44,9.45
29135,26.58,10.44,9.45
29137,26.58,10.44,9.45
29139,26.58,10.44,9.45
29141,26.58,10.44,9.45
29143,26.58,10.44,9.45
29145,27.22,10.44,9.45
29147,26.81,10.44,9.45
29149,26.58,10.44,9.45
29151,26.84,10.44,9.45
29153,26.63,10.44,9.45
29155,26.58,10.44,9.45
29157,26.68,10.44,9.45
29159,27.03,10.44,9.45
29161,27.19,10.44,9.45
29163,26.83,10.44,9.45
29165,29.06,10.44,9.45
29167,26.95,10.44,9.45
29169,27.37,10.44,9.45
29171,26.58,10.44,9.45
29173,27.19,10.44,9.45
29175,26.58,10.44,9.45
29177,29.06,10.44,9.45
29179,26.58,10.44,9.45
29180,28.13,10.44,7.25
29181,26.58,10.44,9.45
29183,28.53,10.44,9.45
29185,26.58,10.44,9.45
29186,26.76,10.44,9.45
29187,26.58,10.44,9.45
29189,28.53,10.44,9.45
29195,26.58,10.44,9.45
29197,26.58,10.44,9.45
29199,26.58,10.44,9.45
29200,26.24,10.44,7.25
29201,26.72,10.44,9.45
29203,26.58,10.44,9.45
29205,26.58,10.44,9.45
29207,26.58,10.44,9.45
29209,26.95,10.44,9.45
29211,26.9,10.44,9.45
29213,27.17,10.44,9.45
29215,26.58,10.44,9.45
29217,26.8,10.44,9.45
29219,28.53,10.44,9.45
29221,26.58,10.44,9.45
29223,26.58,10.44,9.45
29225,27.39,10.44,9.45
29227,26.58,10.44,9.45
29229,26.58,10.44,9.45
29340,28.06,10.44,7.25
29420,27.12,10.44,12
29460,26.65,10.44,8.56
29510,28.53,10.44,9.45
29540,25.85,10.44,7.25
29620,25.24,10.44,9.65
29700,25.98,10.44,7.25
29740,27.05,10.44,9
29820,26.98,10.44,8
29940,27.59,10.44,7.25
30001,27.11,10.44,8.65
30003,27.97,10.44,8.65
30005,26.85,10.44,8.65
30007,27.84,10.44,8.65
30009,28.13,10.44,8.65
30011,26.85,10.44,8.65
30013,27.11,10.44,8.65
30015,26.85,10.44,8.65
30017,27.45,10.44,8.65
30019,27.45,10.44,8.65
30020,26.43,10.44,7.25
30021,28.16,10.44,8.65
30023,26.85,10.44,8.65
30025,27.46,10.44,8.65
30027,27.9,10.44,8.65
30029,28.42,10.44,8.65
30031,28.87,10.44,8.65
30033,26.85,10.44,8.65
30035,27.1,10.44,8.65
30037,27.17,10.44,8.65
30039,27,10.44,8.65
30041,27.22,10.44,8.65
30043,28.32,10.44,8.65
30045,26.85,10.44,8.65
30047,27.76,10.44,8.65
30049,28.88,10.44,8.65
30051,26.85,10.44,8.65
30053,27.08,10.44,8.65
30055,27.06,10.44,8.65
30057,27.97,10.44,8.65
30059,27.14,10.44,8.65
30061,26.85,10.44,8.65
30063,28.34,10.44,8.65
30065,28.78,10.44,8.65
30067,28.62,10.44,8.65
30069,28.1,10.44,8.65
30071,26.85,10.44,8.65
30073,26.85,10.44,8.65
30075,26.87,10.44,8.65
30077,26.85,10.44,8.65
30079,28.1,10.44,8.65
30081,28.04,10.44,8.65
30083,28.8,10.44,8.65
30085,27.38,10.44,8.65
30087,26.85,10.44,8.65
30089,27.11,10.44,8.65
30091,27.59,10.44,8.65
30093,27.83,10.44,8.65
30095,27.43,10.44,8.65
30097,28.04,10.44,8.65
30099,27.43,10.44,8.65
30101,26.94,10.44,8.65
30103,27.52,10.44,8.65
30105,27.5,10.44,8.65
30107,27.01,10.44,8.65
30109,28.1,10.44,8.65
30111,28.13,10.44,8.65
30140,24.8,10.44,7.25
30300,27.46,10.44,7.25
30340,27.56,10.44,12
30460,27.28,10.44,7.25
30620,25.17,10.44,8.7
30700,27.83,10.44,9
30780,27.66,10.44,10
30860,26.11,10.44,7.25
30980,24.79,10.44,7.25
31001,27.17,10.44,9
31003,27.17,10.44,9
31005,28.1,10.44,9
31007,27.17,10.44,9
31009,27.17,10.44,9
31011,27.17,10.44,9
31013,27.17,10.44,9
31015,27.17,10.44,9
31017,27.4,10.44,9
31019,27.78,10.44,9
31020,26.01,10.44,13.5
31021,27.17,10.44,9
31023,27.23,10.44,9
31025,28.98,10.44,9
31027,27.17,10.44,9
31029,27.17,10.44,9
31031,27.17,10.44,9
31033,27.17,10.44,9
31035,27.17,10.44,9
31037,27.17,10.44,9
31039,27.17,10.44,9
31041,27.17,10.44,9
31043,27.94,10.44,9
31045,27.26,10.44,9
31047,27.19,10.44,9
31049,27.17,10.44,9
31051,27.94,10.44,9
31053,27.83,10.44,9
31055,28.98,10.44,9
31057,27.17,10.44,9
31059,27.17,10.44,9
31061,27.17,10.44,9
31063,27.17,10.44,9
31065,27.17,10.44,9
31067,27.17,10.44,9
31069,27.17,10.44,9
31071,27.17,10.44,9
31073,27.17,10.44,9
31075,27.17,10.44,9
31077,27.17,10.44,9
31079,27.77,10.44,9
31080,37.96,10.44,12
31081,27.24,10.44,9
31083,27.17,10.44,9
31085,27.67,10.44,9
31087,27.17,10.44,9
31089,27.17,10.44,9
31091,27.17,10.44,9
31093,27.17,10.44,9
31095,27.17,10.44,9
31097,27.17,10.44,9
31099,27.52,10.44,9
31101,27.17,10.44,9
31103,27.17,10.44,9
31105,27.19,10.44,9
31107,27.17,10.44,9
31109,28.39,10.44,9
31111,27.25,10.44,9
31113,27.17,10.44,9
31115,27.17,10.44,9
31117,27.17,10.44,9
31119,27.29,10.44,9
31121,27.17,10.44,9
31123,27.41,10.44,9
31125,27.17,10.44,9
31127,27.17,10.44,9
31129,27.17,10.44,9
31131,27.32,10.44,9
31133,27.17,10.44,9
31135,27.17,10.44,9
31137,27.17,10.44,9
31139,27.17,10.44,9
31140,27.5,10.44,7.25
31141,27.61,10.44,9
31143,27.17,10.44,9
31145,27.17,10.44,9
31147,27.17,10.44,9
31149,27.17,10.44,9
31151,27.99,10.44,9
31153,28.98,10.44,9
31155,27.6,10.44,9
31157,27.37,10.44,9
31159,27.38,10.44,9
31161,27.17,10.44,9
31163,27.17,10.44,9
31165,27.17,10.44,9
31167,27.72,10.44,9
31169,27.17,10.44,9
31171,27.2,10.44,9
31173,27.17,10.44,9
31175,27.17,10.44,9
31177,28.98,10.44,9
31179,27.17,10.44,9
31180,25.94,10.44,7.25
31181,27.17,10.44,9
31183,27.17,10.44,9
31185,27.17,10.44,9
31340,27.12,10.44,7.25
31420,26.93,10.44,7.25
31460,31.1,10.44,12
31540,29.05,10.44,7.25
31700,27.67,10.44,7.25
31740,26.11,10.44,7.25
31860,28.22,10.44,10
31900,25.06,10.44,8.7
32001,25.7,10.44,8
32003,26.98,10.44,8
32005,26.89,10.44,8
32007,26.18,10.44,8
32009,24.52,10.44,8
32011,25.71,10.44,8
32013,26.21,10.44,8
32015,26.7,10.44,8
32017,24.7,10.44,8
32019,25.34,10.44,8
32021,24.52,10.44,8
32023,25.35,10.44,8
32027,24.52,10.44,8
32029,26.92,10.44,8
32031,26.92,10.44,8
32033,25.41,10.44,8
32510,26.06,10.44,8
32580,25.19,10.44,7.25
32780,30.05,10.44,12
32820,25.56,10.44,7.25
32900,29.91,10.44,12
33001,26.23,10.44,7.25
33003,26.11,10.44,7.25
33005,26.51,10.44,7.25
33007,24.55,10.44,7.25
33009,26.1,10.44,7.25
33011,27.67,10.44,7.25
33013,26.98,10.44,7.25
33015,29.07,10.44,7.25
33017,28.21,10.44,7.25
33019,26.08,10.44,7.25
33100,31.01,10.44,8.56
33140,26.15,10.44,7.25
33220,25.41,10.44,9.65
33260,29.11,10.44,7.25
33340,27.55,10.44,7.25
33460,30.36,10.44,10
33540,28.01,10.44,8.65
33660,26.74,10.44,7.25
33700,31.1,10.44,12
33740,26.91,10.44,7.25
33780,25.73,10.44,9.65
33860,26.66,10.44,7.25
34001,30.81,10.44,11
34003,33.09,10.44,11
34005,30.25,10.44,11
34007,30.25,10.44,11
34009,30.42,10.44,11
34011,30.48,10.44,11
34013,32.09,10.44,11
34015,30.25,10.44,11
34017,33.58,10.44,11
34019,34.14,10.44,11
34021,31.89,10.44,11
34023,34.14,10.44,11
34025,33.2,10.44,11
34027,32.09,10.44,11
34029,33.2,10.44,11
34031,33.09,10.44,11
34033,30.25,10.44,11
34035,34.14,10.44,11
34037,32.09,10.44,11
34039,32.09,10.44,11
34041,29.85,10.44,11
34060,26.93,10.44,8.75
34100,23.81,10.44,7.25
34580,27.52,10.44,13.5
34620,25.9,10.44,7.25
34740,25.24,10.44,9.65
34820,29.92,10.44,7.25
34900,36.92,10.44,12
34940,29.77,10.44,8.56
34980,27.22,10.44,7.25
35001,28.18,10.44,9
35003,27.02,10.44,9
35005,27.71,10.44,9
35006,27.02,10.44,9
35007,27.22,10.44,9
35009,28.2,10.44,9
35011,27.53,10.44,9
35013,27.22,10.44,9
35015,28.51,10.44,9
35017,27.24,10.44,9
35019,27.02,10.44,9
35021,27.02,10.44,9
35023,27.02,10.44,9
35025,28.7,10.44,9
35027,28.12,10.44,9
35028,29.81,10.44,9
35029,27.02,10.44,9
35031,27.02,10.44,9
35033,27.53,10.44,9
35035,27.02,10.44,9
35037,27.02,10.44,9
35039,27.02,10.44,9
35041,27.51,10.44,9
35043,28.18,10.44,9
35045,27.78,10.44,9
35047,27.43,10.44,9
35049,29.46,10.44,9
35051,27.15,10.44,9
35053,27.02,10.44,9
35055,28.16,10.44,9
35057,28.18,10.44,9
35059,27.02,10.44,9
35061,28.18,10.44,9
35100,27.47,10.44,7.25
35300,30.15,10.44,12
35380,29.77,10.44,7.25
35620,34.35,10.44,11.8
35660,25.14,10.44,9.65
35840,28.69,10.44,8.56
35980,29.14,10.44,12
36001,28.47,10.44,11.8
36003,26.01,10.44,11.8
36005,34.97,10.44,11.8
36007,26.78,10.44,11.8
36009,26.02,10.44,11.8
36011,26.75,10.44,11.8
36013,26.09,10.44,11.8
36015,26.91,10.44,11.8
36017,26.49,10.44,11.8
36019,26.94,10.44,11.8
36021,27.83,10.44,11.8
36023,26.99,10.44,11.8
36025,26.43,10.44,11.8
36027,30.96,10.44,11.8
36029,26.94,10.44,11.8
36031,27.09,10.44,11.8
36033,26.23,10.44,11.8
36035,26.74,10.44,11.8
36037,26.78,10.44,11.8
36039,27.85,10.44,11.8
36041,26.96,10.44,11.8
36043,26.56,10.44,11.8
36045,28.8,10.44,11.8
36047,34.97,10.44,11.8
36049,26.47,10.44,11.8
36051,27.88,10.44,11.8
36053,27.36,10.44,11.8
36055,27.88,10.44,11.8
36057,26.54,10.44,11.8
36059,35.27,10.44,11.8
36061,34.97,10.44,11.8
36063,26.94,10.44,11.8
36065,26.56,10.44,11.8
36067,27.36,10.44,11.8
36069,27.88,10.44,11.8
36071,30.96,10.44,11.8
36073,27.88,10.44,11.8
36075,27.36,10.44,11.8
36077,27.16,10.44,11.8
36079,34.97,10.44,11.8
36081,34.97,10.44,11.8
36083,28.47,10.44,11.8
36085,34.97,10.44,11.8
36087,34.97,10.44,11.8
36089,26.85,10.44,11.8
36091,28.47,10.44,11.8
36093,28.47,10.44,11.8
36095,28.47,10.44,11.8
36097,26.18,10.44,11.8
36099,26.83,10.44,11.8
36100,26.54,10.44,8.56
36101,26.34,10.44,11.8
36103,35.27,10.44,11.8
36105,28.08,10.44,11.8
36107,26.78,10.44,11.8
36109,29.33,10.44,11.8
36111,29.64,10.44,11.8
36113,27.76,10.44,11.8
36115,27.76,10.44,11.8
36117,27.88,10.44,11.8
36119,35.15,10.44,11.8
36121,26.18,10.44,11.8
36123,26.45,10.44,11.8
36140,29.53,10.44,11
36220,28.01,10.44,7.25
36260,28.17,10.44,7.25
36420,27.49,10.44,7.25
36500,27.27,10.44,13.5
36540,28.44,10.44,9
36740,28.88,10.44,8.56
36780,26.57,10.44,7.25
36980,26.77,10.44,7.25
37001,27.15,10.44,7.25
37003,26.18,10.44,7.25
37005,25.89,10.44,7.25
37007,25.89,10.44,7.25
37009,25.89,10.44,7.25
37011,26.39,10.44,7.25
37013,25.89,10.44,7.25
37015,25.89,10.44,7.25
37017,25.89,10.44,7.25
37019,27.14,10.44,7.25
37021,30.08,10.44,7.25
37023,26.18,10.44,7.25
37025,28.7,10.44,7.25
37027,26.18,10.44,7.25
37029,28.78,10.44,7.25
37031,27.01,10.44,7.25
37033,25.89,10.44,7.25
37035,26.18,10.44,7.25
37037,28.88,10.44,7.25
37039,25.95,10.44,7.25
37041,26.71,10.44,7.25
37043,26.48,10.44,7.25
37045,25.9,10.44,7.25
37047,25.89,10.44,7.25
37049,27.74,10.44,7.25
37051,27.2,10.44,7.25
37053,29.23,10.44,7.25
37055,27.8,10.44,7.25
37057,26.06,10.44,7.25
37059,26.55,10.44,7.25
37061,25.89,10.44,7.25
37063,28.88,10.44,7.25
37065,26.48,10.44,7.25
37067,26.55,10.44,7.25
37069,29.42,10.44,7.25
37071,28.7,10.44,7.25
37073,26.07,10.44,7.25
37075,25.89,10.44,7.25
37077,26.94,10.44,7.25
37079,25.89,10.44,7.25
37081,27.09,10.44,7.25
37083,26.24,10.44,7.25
37085,26.71,10.44,7.25
37087,27.66,10.44,7.25
37089,30.08,10.44,7.25
37091,26.42,10.44,7.25
37093,26.25,10.44,7.25
37095,26.94,10.44,7.25
37097,27.36,10.44,7.25
37099,26.04,10.44,7.25
37100,37.4,10.44,12
37101,29.42,10.44,7.25
37103,25.89,10.44,7.25
37105,26.32,10.44,7.25
37107,26.24,10.44,7.25
37109,26.81,10.44,7.25
37111,25.89,10.44,7.25
37113,26.43,10.44,7.25
37115,30.08,10.44,7.25
37117,25.89,10.44,7.25
37119,28.7,10.44,7.25
37121,25.89,10.44,7.25
37123,25.89,10.44,7.25
37125,26.87,10.44,7.25
37127,26.48,10.44,7.25
37129,28.01,10.44,7.25
37131,25.89,10.44,7.25
37133,27.68,10.44,7.25
37135,28.88,10.44,7.25
37137,26.51,10.44,7.25
37139,26.73,10.44,7.25
37141,26.5,10.44,7.25
37143,26.96,10.44,7.25
37145,26.26,10.44,7.25
37147,26.63,10.44,7.25
37149,26.43,10.44,7.25
37151,27.09,10.44,7.25
37153,25.89,10.44,7.25
37155,25.89,10.44,7.25
37157,25.93,10.44,7.25
37159,27.12,10.44,7.25
37161,25.89,10.44,7.25
37163,25.89,10.44,7.25
37165,25.89,10.44,7.25
37167,25.89,10.44,7.25
37169,26.55,10.44,7.25
37171,25.89,10.44,7.25
37173,25.89,10.44,7.25
37175,25.96,10.44,7.25
37177,25.94,10.44,7.25
37179,28.7,10.44,7.25
37181,25.89,10.44,7.25
37183,29.42,10.44,7.25
37185,25.89,10.44,7.25
37187,25.89,10.44,7.25
37189,27.28,10.44,7.25
37191,26.9,10.44,7.25
37193,25.89,10.44,7.25
37195,26.44,10.44,7.25
37197,26.55,10.44,7.25
37199,25.89,10.44,7.25
37340,27.74,10.44,8.56
37460,27.3,10.44,8.56
37620,26.03,10.44,8.75
37860,26.91,10.44,8.56
37900,26.09,10.44,10
37980,27.23,10.44,7.25
38001,25.4,10.44,7.25
38003,25.43,10.44,7.25
38005,25.4,10.44,7.25
38007,25.59,10.44,7.25
38009,25.4,10.44,7.25
38011,25.4,10.44,7.25
38013,26.42,10.44,7.25
38015,26.63,10.44,7.25
38017,26.23,10.44,7.25
38019,25.4,10.44,7.25
38021,25.4,10.44,7.25
38023,25.4,10.44,7.25
38025,28.25,10.44,7.25
38027,25.4,10.44,7.25
38029,25.4,10.44,7.25
38031,25.4,10.44,7.25
38033,26.43,10.44,7.25
38035,26.21,10.44,7.25
38037,25.4,10.44,7.25
38039,25.4,10.44,7.25
38041,25.59,10.44,7.25
38043,25.4,10.44,7.25
38045,25.4,10.44,7.25
38047,25.4,10.44,7.25
38049,25.4,10.44,7.25
38051,25.4,10.44,7.25
38053,27.59,10.44,7.25
38055,25.4,10.44,7.25
38057,25.75,10.44,7.25
38059,26.63,10.44,7.25
38060,29.25,10.44,12
38061,26.19,10.44,7.25
38063,25.4,10.44,7.25
38065,26.59,10.44,7.25
38067,25.4,10.44,7.25
38069,25.4,10.44,7.25
38071,25.4,10.44,7.25
38073,25.4,10.44,7.25
38075,25.4,10.44,7.25
38077,25.4,10.44,7.25
38079,25.4,10.44,7.25
38081,25.4,10.44,7.25
38083,25.59,10.44,7.25
38085,25.4,10.44,7.25
38087,25.59,10.44,7.25
38089,26.82,10.44,7.25
38091,25.4,10.44,7.25
38093,25.4,10.44,7.25
38095,25.4,10.44,7.25
38097,25.4,10.44,7.25
38099,25.4,10.44,7.25
38101,27.18,10.44,7.25
38103,25.4,10.44,7.25
38105,26.74,10.44,7.25
38220,27.02,10.44,10
38300,24.94,10.44,7.25
38340,26.37,10.44,12.75
38540,26.29,10.44,7.25
38860,30.65,10.44,12
38900,33.44,10.44,12
38940,28.61,10.44,8.56
39001,25.36,10.44,8.7
39003,25.48,10.44,8.7
39005,25.36,10.44,8.7
39007,25.36,10.44,8.7
39009,26.11,10.44,8.7
39011,25.36,10.44,8.7
39013,25.65,10.44,8.7
39015,25.48,10.44,8.7
39017,26.55,10.44,8.7
39019,25.83,10.44,8.7
39021,25.41,10.44,8.7
39023,25.82,10.44,8.7
39025,26.55,10.44,8.7
39027,25.57,10.44,8.7
39029,25.36,10.44,8.7
39031,25.36,10.44,8.7
39033,25.36,10.44,8.7
39035,26.44,10.44,8.7
39037,25.36,10.44,8.7
39039,25.36,10.44,8.7
39041,27.44,10.44,8.7
39043,25.8,10.44,8.7
39045,27.44,10.44,8.7
39047,25.65,10.44,8.7
39049,27.44,10.44,8.7
39051,25.86,10.44,8.7
39053,25.36,10.44,8.7
39055,26.44,10.44,8.7
39057,25.93,10.44,8.7
39059,25.36,10.44,8.7
39061,26.55,10.44,8.7
39063,25.79,10.44,8.7
39065,25.36,10.44,8.7
39067,25.36,10.44,8.7
39069,25.36,10.44,8.7
39071,25.36,10.44,8.7
39073,25.36,10.44,8.7
39075,25.36,10.44,8.7
39077,25.36,10.44,8.7
39079,25.38,10.44,8.7
39081,25.36,10.44,8.7
39083,25.44,10.44,8.7
39085,26.44,10.44,8.7
39087,26.15,10.44,8.7
39089,27.44,10.44,8.7
39091,25.86,10.44,8.7
39093,26.44,10.44,8.7
39095,25.86,10.44,8.7
39097,27.44,10.44,8.7
39099,25.39,10.44,8.7
39101,25.86,10.44,8.7
39103,26.44,10.44,8.7
39105,25.36,10.44,8.7
39107,25.36,10.44,8.7
39109,25.93,10.44,8.7
39111,25.36,10.44,8.7
39113,25.93,10.44,8.7
39115,25.36,10.44,8.7
39117,27.44,10.44,8.7
39119,25.52,10.44,8.7
39121,25.38,10.44,8.7
39123,25.5,10.44,8.7
39125,25.36,10.44,8.7
39127,25.59,10.44,8.7
39129,27.44,10.44,8.7
39131,25.36,10.44,8.7
39133,26.42,10.44,8.7
39135,25.43,10.44,8.7
39137,25.36,10.44,8.7
39139,25.36,10.44,8.7
39140,28.21,10.44,12
39141,25.82,10.44,8.7
39143,25.38,10.44,8.7
39145,25.36,10.44,8.7
39147,25.36,10.44,8.7
39149,25.42,10.44,8.7
39151,25.83,10.44,8.7
39153,26.42,10.44,8.7
39155,25.39,10.44,8.7
39157,25.79,10.44,8.7
39159,27.42,10.44,8.7
39161,25.38,10.44,8.7
39163,25.36,10.44,8.7
39165,26.55,10.44,8.7
39167,25.36,10.44,8.7
39169,25.61,10.44,8.7
39171,25.36,10.44,8.7
39173,25.86,10.44,8.7
39175,25.36,10.44,8.7
39300,27.86,10.44,10.5
39340,27.6,10.44,7.25
39380,27.5,10.44,12
39460,27.37,10.44,8.56
39540,27.14,10.44,7.25
39580,29.42,10.44,7.25
39660,26.38,10.44,9.3
39740,25.22,10.44,7.25
39820,30.05,10.44,12
39900,26.92,10.44,8
40001,26.14,10.44,7.25
40003,26.25,10.44,7.25
40005,26.14,10.44,7.25
40007,26.22,10.44,7.25
40009,27.1,10.44,7.25
40011,26.14,10.44,7.25
40013,26.25,10.44,7.25
40015,26.14,10.44,7.25
40017,27.71,10.44,7.25
40019,26.36,10.44,7.25
40021,26.14,10.44,7.25
40023,26.14,10.44,7.25
40025,26.14,10.44,7.25
40027,27.71,10.44,7.25
40029,26.14,10.44,7.25
40031,26.58,10.44,7.25
40033,26.14,10.44,7.25
40035,26.28,10.44,7.25
40037,27.65,10.44,7.25
40039,26.14,10.44,7.25
40041,26.14,10.44,7.25
40043,26.39,10.44,7.25
40045,26.43,10.44,7.25
40047,27.1,10.44,7.25
40049,26.14,10.44,7.25
40051,26.23,10.44,7.25
40053,26.27,10.44,7.25
40055,26.48,10.44,7.25
40057,26.14,10.44,7.25
40059,26.14,10.44,7.25
40060,28.96,10.44,7.25
40061,26.14,10.44,7.25
40063,26.14,10.44,7.25
40065,26.26,10.44,7.25
40067,26.14,10.44,7.25
40069,26.14,10.44,7.25
40071,26.14,10.44,7.25
40073,26.3,10.44,7.25
40075,26.14,10.44,7.25
40077,26.14,10.44,7.25
40079,26.14,10.44,7.25
40081,26.14,10.44,7.25
40083,27.71,10.44,7.25
40085,26.35,10.44,7.25
40087,27.71,10.44,7.25
40089,26.14,10.44,7.25
40091,26.14,10.44,7.25
40093,26.14,10.44,7.25
40095,26.14,10.44,7.25
40097,26.26,10.44,7.25
40099,26.14,10.44,7.25
40101,26.14,10.44,7.25
40103,26.14,10.44,7.25
40105,26.48,10.44,7.25
40107,26.14,10.44,7.25
40109,27.71,10.44,7.25
40111,26.14,10.44,7.25
40113,27.65,10.44,7.25
40115,26.36,10.44,7.25
40117,26.18,10.44,7.25
40119,26.84,10.44,7.25
40121,26.55,10.44,7.25
40123,26.33,10.44,7.25
40125,26.34,10.44,7.25
40127,26.14,10.44,7.25
40129,26.14,10.44,7.25
40131,27.65,10.44,7.25
40133,26.14,10.44,7.25
40135,26.14,10.44,7.25
40137,26.14,10.44,7.25
40139,26.53,10.44,7.25
40140,32.48,10.44,12
40141,26.14,10.44,7.25
40143,27.65,10.44,7.25
40145,27.65,10.44,7.25
40147,26.21,10.44,7.25
40149,26.14,10.44,7.25
40151,26.2,10.44,7.25
40153,26.57,10.44,7.25
40220,25.32,10.44,7.25
40340,28.54,10.44,10
40380,27.64,10.44,11.8
40420,26.96,10.44,10
40580,26.48,10.44,7.25
40660,26.86,10.44,7.25
40900,32.97,10.44,12
40980,25.18,10.44,9.65
41001,28.3,10.44,12
41003,31.2,10.44,12
41005,33.58,10.44,12
41007,29.95,10.44,12
41009,33.58,10.44,12
41011,28.94,10.44,12
41013,29.25,10.44,12
41015,30.06,10.44,12
41017,31.35,10.44,12
41019,30.42,10.44,12
41021,29.4,10.44,12
41023,28.13,10.44,12
41025,27.73,10.44,12
41027,31.19,10.44,12
41029,30.2,10.44,12
41031,28.69,10.44,12
41033,30.4,10.44,12
41035,28.77,10.44,12
41037,28.03,10.44,12
41039,31.19,10.44,12
41041,29.97,10.44,12
41043,30.59,10.44,12
41045,28.55,10.44,12
41047,29.88,10.44,12
41049,28.84,10.44,12
41051,33.58,10.44,12
41053,29.88,10.44,12
41055,28.82,10.44,12
41057,29.27,10.44,12
41059,28.66,10.44,12
41060,27.38,10.44,10
41061,28.74,10.44,12
41063,28.44,10.44,12
41065,30.96,10.44,12
41067,33.58,10.44,12
41069,27.73,10.44,12
41071,33.58,10.44,12
41100,27.84,10.44,7.25
41140,27.62,10.44,9.45
41180,28.37,10.44,9.45
41420,29.74,10.44,12
41500,36.4,10.44,12
41540,28.18,10.44,11
41620,29.29,10.44,7.25
41660,26.6,10.44,7.25
41700,27.21,10.44,7.25
41740,38.1,10.44,12
41860,42.97,10.44,12
41940,44.83,10.44,12
42001,25.11,10.44,7.25
42003,24.97,10.44,7.25
42005,23.99,10.44,7.25
42007,24.97,10.44,7.25
42009,23.79,10.44,7.25
42011,25.22,10.44,7.25
42013,24.17,10.44,7.25
42015,24.11,10.44,7.25
42017,27.23,10.44,7.25
42019,24.97,10.44,7.25
42020,35.25,10.44,12
42021,23.79,10.44,7.25
42023,23.79,10.44,7.25
42025,25.88,10.44,7.25
42027,25.39,10.44,7.25
42029,27.23,10.44,7.25
42031,23.79,10.44,7.25
42033,23.79,10.44,7.25
42035,24.25,10.44,7.25
42037,24.31,10.44,7.25
42039,23.86,10.44,7.25
42041,25.39,10.44,7.25
42043,25.39,10.44,7.25
42045,27.23,10.44,7.25
42047,23.79,10.44,7.25
42049,24.2,10.44,7.25
42051,24.97,10.44,7.25
42053,23.85,10.44,7.25
42055,24.83,10.44,7.25
42057,23.79,10.44,7.25
42059,23.92,10.44,7.25
42061,23.79,10.44,7.25
42063,24.18,10.44,7.25
42065,23.79,10.44,7.25
42067,23.79,10.44,7.25
42069,24.39,10.44,7.25
42071,25.85,10.44,7.25
42073,24.12,10.44,7.25
42075,24.8,10.44,7.25
42077,25.88,10.44,7.25
42079,24.39,10.44,7.25
42081,24.52,10.44,7.25
42083,23.79,10.44,7.25
42085,23.85,10.44,7.25
42087,23.79,10.44,7.25
42089,26.05,10.44,7.25
42091,27.23,10.44,7.25
42093,24.5,10.44,7.25
42095,25.88,10.44,7.25
42097,23.79,10.44,7.25
42099,25.39,10.44,7.25
42100,41.73,10.44,12
42101,27.23,10.44,7.25
42103,27.68,10.44,7.25
42105,23.79,10.44,7.25
42107,23.85,10.44,7.25
42109,24.07,10.44,7.25
42111,23.79,10.44,7.25
42113,23.79,10.44,7.25
42115,24.19,10.44,7.25
42117,24.26,10.44,7.25
42119,24.22,10.44,7.25
42121,23.79,10.44,7.25
42123,23.79,10.44,7.25
42125,24.97,10.44,7.25
42127,24.88,10.44,7.25
42129,24.97,10.44,7.25
42131,24.39,10.44,7.25
42133,25.53,10.44,7.25
42140,29.29,10.44,9
42200,40.26,10.44,12
42220,37.44,10.44,12
42340,28.7,10.44,7.25
42540,24.39,10.44,7.25
42660,32.44,10.44,13.5
42680,27.34,10.44,8.56
42700,26.19,10.44,8.56
43100,26.17,10.44,7.25
43300,26.34,10.44,7.25
43340,28.74,10.44,7.25
43420,27.02,10.44,12
43580,28.46,10.44,7.25
43620,26.07,10.44,9.3
43780,26.51,10.44,7.25
43900,29.21,10.44,7.25
44001,27.67,10.44,10.5
44003,27.67,10.44,10.5
44005,29.58,10.44,10.5
44007,27.67,10.44,10.5
44009,27.85,10.44,10.5
44060,25.56,10.44,13.5
44100,26.78,10.44,10
44140,25.83,10.44,12.75
44180,27.19,10.44,9.45
44220,25.51,10.44,8.7
44300,25.39,10.44,7.25
44420,27.67,10.44,7.25
44700,31.39,10.44,12
44940,27.35,10.44,7.25
45001,28.01,10.44,7.25
45003,29.44,10.44,7.25
45005,28.01,10.44,7.25
45007,28.84,10.44,7.25
45009,28.22,10.44,7.25
45011,28.01,10.44,7.25
45013,30.76,10.44,7.25
45015,31.86,10.44,7.25
45017,30.05,10.44,7.25
45019,31.86,10.44,7.25
45021,28.06,10.44,7.25
45023,28.3,10.44,7.25
45025,28.01,10.44,7.25
45027,28.01,10.44,7.25
45029,28.22,10.44,7.25
45031,28.3,10.44,7.25
45033,28.01,10.44,7.25
45035,31.86,10.44,7.25
45037,29.44,10.44,7.25
45039,30.05,10.44,7.25
45041,28.98,10.44,7.25
45043,28.71,10.44,7.25
45045,29.4,10.44,7.25
45047,28.01,10.44,7.25
45049,28.01,10.44,7.25
45051,30.53,10.44,7.25
45053,29.31,10.44,7.25
45055,28.5,10.44,7.25
45057,29.09,10.44,7.25
45059,28.74,10.44,7.25
45060,27.16,10.44,11.8
45061,28.01,10.44,7.25
45063,30.05,10.44,7.25
45065,28.01,10.44,7.25
45067,28.01,10.44,7.25
45069,28.01,10.44,7.25
45071,28.62,10.44,7.25
45073,28.17,10.44,7.25
45075,28.03,10.44,7.25
45077,29.4,10.44,7.25
45079,30.05,10.44,7.25
45081,30.05,10.44,7.25
45083,29.06,10.44,7.25
45085,29.04,10.44,7.25
45087,28.29,10.44,7.25
45089,28.01,10.44,7.25
45091,31.01,10.44,7.25
45220,27.3,10.44,8.56
45300,28.6,10.44,8.56
45460,25.69,10.44,7.25
45500,25.42,10.44,7.25
45540,26.33,10.44,8.56
45780,25.21,10.44,8.7
45820,26.59,10.44,7.25
45940,31,10.44,11
46003,25.23,10.44,9.3
46005,25.23,10.44,9.3
46007,25.23,10.44,9.3
46009,25.23,10.44,9.3
46011,25.85,10.44,9.3
46013,25.52,10.44,9.3
46015,25.23,10.44,9.3
46017,25.66,10.44,9.3
46019,25.92,10.44,9.3
46021,25.23,10.44,9.3
46023,25.23,10.44,9.3
46025,25.42,10.44,9.3
46027,25.8,10.44,9.3
46029,25.6,10.44,9.3
46031,25.23,10.44,9.3
46033,26.46,10.44,9.3
46035,25.87,10.44,9.3
46037,25.23,10.44,9.3
46039,25.23,10.44,9.3
46041,25.38,10.44,9.3
46043,25.23,10.44,9.3
46045,25.23,10.44,9.3
46047,25.32,10.44,9.3
46049,25.44,10.44,9.3
46051,25.5,10.44,9.3
46053,25.23,10.44,9.3
46055,26.11,10.44,9.3
46057,25.23,10.44,9.3
46059,25.23,10.44,9.3
46060,27.67,10.44,12
46061,25.23,10.44,9.3
46063,25.23,10.44,9.3
46065,25.65,10.44,9.3
46067,25.4,10.44,9.3
46069,25.4,10.44,9.3
46071,25.23,10.44,9.3
46073,25.23,10.44,9.3
46075,25.23,10.44,9.3
46077,25.23,10.44,9.3
46079,25.23,10.44,9.3
46081,25.46,10.44,9.3
46083,26.07,10.44,9.3
46085,25.23,10.44,9.3
46087,26.07,10.44,9.3
46089,25.92,10.44,9.3
46091,25.23,10.44,9.3
46093,25.66,10.44,9.3
46095,25.23,10.44,9.3
46097,25.23,10.44,9.3
46099,26.07,10.44,9.3
46101,25.23,10.44,9.3
46102,25.23,10.44,9.3
46103,26.08,10.44,9.3
46105,25.44,10.44,9.3
46107,25.44,10.44,9.3
46109,25.23,10.44,9.3
46111,25.23,10.44,9.3
46115,25.23,10.44,9.3
46117,26.13,10.44,9.3
46119,25.23,10.44,9.3
46121,25.23,10.44,9.3
46123,25.23,10.44,9.3
46125,26.07,10.44,9.3
46127,25.82,10.44,9.3
46129,25.23,10.44,9.3
46135,25.48,10.44,9.3
46137,25.23,10.44,9.3
46140,27.44,10.44,7.25
46220,26.69,10.44,7.25
46300,26.95,10.44,7.25
46340,26.39,10.44,7.25
46520,37.69,12.01,10.1
46540,26.36,10.44,11.8
46660,26.61,10.44,7.25
46700,34.74,10.44,12
47001,25.81,10.44,7.25
47003,24.83,10.44,7.25
47005,24.03,10.44,7.25
47007,24.03,10.44,7.25
47009,25.81,10.44,7.25
47011,25.09,10.44,7.25
47013,24.22,10.44,7.25
47015,27.29,10.44,7.25
47017,24.03,10.44,7.25
47019,24.32,10.44,7.25
47020,26.92,10.44,7.25
47021,27.29,10.44,7.25
47023,24.99,10.44,7.25
47025,24.03,10.44,7.25
47027,24.03,10.44,7.25
47029,24.03,10.44,7.25
47031,24.38,10.44,7.25
47033,24.12,10.44,7.25
47035,24.22,10.44,7.25
47037,27.29,10.44,7.25
47039,24.03,10.44,7.25
47041,24.03,10.44,7.25
47043,27.29,10.44,7.25
47045,24.16,10.44,7.25
47047,25.6,10.44,7.25
47049,24.03,10.44,7.25
47051,24.03,10.44,7.25
47053,24.13,10.44,7.25
47055,24.03,10.44,7.25
47057,24.42,10.44,7.25
47059,24.03,10.44,7.25
47061,24.03,10.44,7.25
47063,24.63,10.44,7.25
47065,25.26,10.44,7.25
47067,24.03,10.44,7.25
47069,24.03,10.44,7.25
47071,24.24,10.44,7.25
47073,24.46,10.44,7.25
47075,24.07,10.44,7.25
47077,24.1,10.44,7.25
47079,24.03,10.44,7.25
47081,24.95,10.44,7.25
47083,24.24,10.44,7.25
47085,24.04,10.44,7.25
47087,24.03,10.44,7.25
47089,24.63,10.44,7.25
47091,24.03,10.44,7.25
47093,25.81,10.44,7.25
47095,24.03,10.44,7.25
47097,24.03,10.44,7.25
47099,24.09,10.44,7.25
47101,24.08,10.44,7.25
47103,24.07,10.44,7.25
47105,25.81,10.44,7.25
47107,24.03,10.44,7.25
47109,24.03,10.44,7.25
47111,24.33,10.44,7.25
47113,24.99,10.44,7.25
47115,25.26,10.44,7.25
47117,24.69,10.44,7.25
47119,25.71,10.44,7.25
47121,24.03,10.44,7.25
47123,24.03,10.44,7.25
47125,25.5,10.44,7.25
47127,24.03,10.44,7.25
47129,24.49,10.44,7.25
47131,24.03,10.44,7.25
47133,24.03,10.44,7.25
47135,24.03,10.44,7.25
47137,24.03,10.44,7.25
47139,25.09,10.44,7.25
47141,24.44,10.44,7.25
47143,24.21,10.44,7.25
47145,25.18,10.44,7.25
47147,27.29,10.44,7.25
47149,27.29,10.44,7.25
47151,24.03,10.44,7.25
47153,25.26,10.44,7.25
47155,24.83,10.44,7.25
47157,25.6,10.44,7.25
47159,24.34,10.44,7.25
47161,24.18,10.44,7.25
47163,24.46,10.44,7.25
47165,27.29,10.44,7.25
47167,25.6,10.44,7.25
47169,27.29,10.44,7.25
47171,24.32,10.44,7.25
47173,25.81,10.44,7.25
47175,24.03,10.44,7.25
47177,24.22,10.44,7.25
47179,24.32,10.44,7.25
47181,24.03,10.44,7.25
47183,24.03,10.44,7.25
47185,24.03,10.44,7.25
47187,27.29,10.44,7.25
47189,27.29,10.44,7.25
47220,29.59,10.44,11
47260,29.17,10.44,7.25
47300,29.87,10.44,12
47380,26.16,10.44,7.25
47460,26.85,10.44,13.5
47580,27.98,10.44,7.25
47900,34.55,10.44,13.25
47940,27.2,10.44,7.25
48001,25.4,10.44,7.25
48003,26.94,10.44,7.25
48005,25.52,10.44,7.25
48007,25.84,10.44,7.25
48009,25.46,10.44,7.25
48011,26.05,10.44,7.25
48013,25.87,10.44,7.25
48015,26.65,10.44,7.25
48017,24.99,10.44,7.25
48019,27.25,10.44,7.25
48021,29.3,10.44,7.25
48023,24.99,10.44,7.25
48025,25.9,10.44,7.25
48027,25.47,10.44,7.25
48029,27.25,10.44,7.25
48031,25.73,10.44,7.25
48033,25.17,10.44,7.25
48035,24.99,10.44,7.25
48037,25.51,10.44,7.25
48039,27.34,10.44,7.25
48041,26.49,10.44,7.25
48043,25.33,10.44,7.25
48045,24.99,10.44,7.25
48047,24.99,10.44,7.25
48049,25.09,10.44,7.25
48051,26.49,10.44,7.25
48053,25.72,10.44,7.25
48055,29.3,10.44,7.25
48057,25.67,10.44,7.25
48059,25.99,10.44,7.25
48060,28.6,10.44,11.8
48061,25.3,10.44,7.25
48063,24.99,10.44,7.25
48065,26.05,10.44,7.25
48067,24.99,10.44,7.25
48069,24.99,10.44,7.25
48071,27.55,10.44,7.25
48073,25.02,10.44,7.25
48075,25.35,10.44,7.25
48077,25.46,10.44,7.25
48079,24.99,10.44,7.25
48081,24.99,10.44,7.25
48083,24.99,10.44,7.25
48085,29.01,10.44,7.25
48087,24.99,10.44,7.25
48089,24.99,10.44,7.25
48091,27.25,10.44,7.25
48093,24.99,10.44,7.25
48095,25.84,10.44,7.25
48097,25.75,10.44,7.25
48099,25.47,10.44,7.25
48101,25.14,10.44,7.25
48103,24.99,10.44,7.25
48105,24.99,10.44,7.25
48107,25.96,10.44,7.25
48109,25.02,10.44,7.25
48111,25.22,10.44,7.25
48113,29.01,10.44,7.25
48115,24.99,10.44,7.25
48117,25.7,10.44,7.25
48119,24.99,10.44,7.25
48121,29.01,10.44,7.25
48123,25.17,10.44,7.25
48125,24.99,10.44,7.25
48127,25.17,10.44,7.25
48129,24.99,10.44,7.25
48131,24.99,10.44,7.25
48133,24.99,10.44,7.25
48135,28.01,10.44,7.25
48137,25.17,10.44,7.25
48139,29.01,10.44,7.25
48140,25.54,10.44,7.25
48141,25.75,10.44,7.25
48143,25.5,10.44,7.25
48145,24.99,10.44,7.25
48147,25.18,10.44,7.25
48149,25.25,10.44,7.25
48151,24.99,10.44,7.25
48153,24.99,10.44,7.25
48155,25.17,10.44,7.25
48157,27.55,10.44,7.25
48159,24.99,10.44,7.25
48161,24.99,10.44,7.25
48163,24.99,10.44,7.25
48165,24.99,10.44,7.25
48167,27.55,10.44,7.25
48169,24.99,10.44,7.25
48171,26.47,10.44,7.25
48173,25.17,10.44,7.25
48175,26.92,10.44,7.25
48177,24.99,10.44,7.25
48179,25.41,10.44,7.25
48181,26.34,10.44,7.25
48183,26.36,10.44,7.25
48185,24.99,10.44,7.25
48187,27.25,10.44,7.25
48189,24.99,10.44,7.25
48191,24.99,10.44,7.25
48193,24.99,10.44,7.25
48195,25.23,10.44,7.25
48197,24.99,10.44,7.25
48199,25.95,10.44,7.25
48201,27.55,10.44,7.25
48203,25.47,10.44,7.25
48205,25.48,10.44,7.25
48207,24.99,10.44,7.25
48209,29.3,10.44,7.25
48211,25.85,10.44,7.25
48213,25.54,10.44,7.25
48215,25.19,10.44,7.25
48217,25.25,10.44,7.25
48219,24.99,10.44,7.25
48221,27.4,10.44,7.25
48223,25.27,10.44,7.25
48225,24.99,10.44,7.25
48227,26.2,10.44,7.25
48229,25.47,10.44,7.25
48231,29.01,10.44,7.25
48233,25.39,10.44,7.25
48235,26.66,10.44,7.25
48237,25.32,10.44,7.25
48239,25.61,10.44,7.25
48241,25.41,10.44,7.25
48243,26.63,10.44,7.25
48245,25.95,10.44,7.25
48247,24.99,10.44,7.25
48249,25.75,10.44,7.25
48251,28.02,10.44,7.25
48253,25.99,10.44,7.25
48255,25.46,10.44,7.25
48257,29.01,10.44,7.25
48259,28.41,10.44,7.25
48260,25.61,10.44,8.75
48261,25.17,10.44,7.25
48263,24.99,10.44,7.25
48265,25.55,10.44,7.25
48267,25.11,10.44,7.25
48269,26.82,10.44,7.25
48271,25.61,10.44,7.25
48273,25.55,10.44,7.25
48275,24.99,10.44,7.25
48277,25.02,10.44,7.25
48279,24.99,10.44,7.25
48281,25.33,10.44,7.25
48283,25.04,10.44,7.25
48285,25.08,10.44,7.25
48287,25.75,10.44,7.25
48289,24.99,10.44,7.25
48291,27.55,10.44,7.25
48293,25.23,10.44,7.25
48295,24.99,10.44,7.25
48297,24.99,10.44,7.25
48299,25.71,10.44,7.25
48300,26.48,10.44,13.5
48301,25.17,10.44,7.25
48303,25.96,10.44,7.25
48305,24.99,10.44,7.25
48307,25.4,10.44,7.25
48309,26.24,10.44,7.25
48311,25.17,10.44,7.25
48313,25.92,10.44,7.25
48315,24.99,10.44,7.25
48317,24.99,10.44,7.25
48319,26.1,10.44,7.25
48321,25.18,10.44,7.25
48323,24.99,10.44,7.25
48325,25.66,10.44,7.25
48327,24.99,10.44,7.25
48329,29.25,10.44,7.25
48331,24.99,10.44,7.25
48333,24.99,10.44,7.25
48335,24.99,10.44,7.25
48337,25.86,10.44,7.25
48339,27.55,10.44,7.25
48341,25.25,10.44,7.25
48343,24.99,10.44,7.25
48345,24.99,10.44,7.25
48347,25.68,10.44,7.25
48349,25.51,10.44,7.25
48351,24.99,10.44,7.25
48353,24.99,10.44,7.25
48355,26.9,10.44,7.25
48357,25.14,10.44,7.25
48359,26.82,10.44,7.25
48361,25.95,10.44,7.25
48363,25.37,10.44,7.25
48365,25.17,10.44,7.25
48367,28.02,10.44,7.25
48369,24.99,10.44,7.25
48371,25.86,10.44,7.25
48373,25.11,10.44,7.25
48375,26.05,10.44,7.25
48377,24.99,10.44,7.25
48379,24.99,10.44,7.25
48381,26.05,10.44,7.25
48383,25.48,10.44,7.25
48385,25.6,10.44,7.25
48387,24.99,10.44,7.25
48389,25.19,10.44,7.25
48391,25.11,10.44,7.25
48393,25.17,10.44,7.25
48395,26.49,10.44,7.25
48397,29.01,10.44,7.25
48399,24.99,10.44,7.25
48401,25.69,10.44,7.25
48403,24.99,10.44,7.25
48405,25.08,10.44,7.25
48407,24.99,10.44,7.25
48409,26.9,10.44,7.25
48411,24.99,10.44,7.25
48413,25.17,10.44,7.25
48415,25.81,10.44,7.25
48417,24.99,10.44,7.25
48419,24.99,10.44,7.25
48421,24.99,10.44,7.25
48423,26.39,10.44,7.25
48425,26.1,10.44,7.25
48427,24.99,10.44,7.25
48429,24.99,10.44,7.25
48431,25.17,10.44,7.25
48433,25.17,10.44,7.25
48435,24.99,10.44,7.25
48437,24.99,10.44,7.25
48439,28.02,10.44,7.25
48441,25.99,10.44,7.25
48443,25.67,10.44,7.25
48445,24.99,10.44,7.25
48447,24.99,10.44,7.25
48449,24.99,10.44,7.25
48451,26.66,10.44,7.25
48453,29.3,10.44,7.25
48455,25.61,10.44,7.25
48457,24.99,10.44,7.25
48459,26.36,10.44,7.25
48461,24.99,10.44,7.25
48463,24.99,10.44,7.25
48465,24.99,10.44,7.25
48467,25.34,10.44,7.25
48469,26.92,10.44,7.25
48471,26.23,10.44,7.25
48473,27.55,10.44,7.25
48475,25.15,10.44,7.25
48477,25.98,10.44,7.25
48479,25.98,10.44,7.25
48481,25.01,10.44,7.25
48483,24.99,10.44,7.25
48485,25.46,10.44,7.25
48487,24.99,10.44,7.25
48489,24.99,10.44,7.25
48491,29.3,10.44,7.25
48493,27.25,10.44,7.25
48495,24.99,10.44,7.25
48497,27.29,10.44,7.25
48499,25.27,10.44,7.25
48501,24.99,10.44,7.25
48503,24.99,10.44,7.25
48505,24.99,10.44,7.25
48507,24.99,10.44,7.25
48540,25.9,10.44,8.75
48620,26.86,10.44,7.25
48660,25.46,10.44,7.25
48700,24.52,10.44,7.25
48900,27.69,10.44,7.25
49001,26.09,10.44,7.25
49003,26.68,10.44,7.25
49005,26.11,10.44,7.25
49007,26.09,10.44,7.25
49009,26.59,10.44,7.25
49011,28.3,10.44,7.25
49013,26.93,10.44,7.25
49015,26.09,10.44,7.25
49017,26.09,10.44,7.25
49019,26.61,10.44,7.25
49020,28.58,10.44,7.25
49021,26.09,10.44,7.25
49023,27.6,10.44,7.25
49025,26.59,10.44,7.25
49027,26.09,10.44,7.25
49029,28.3,10.44,7.25
49031,26.09,10.44,7.25
49033,26.59,10.44,7.25
49035,29.38,10.44,7.25
49037,26.09,10.44,7.25
49039,26.22,10.44,7.25
49041,26.09,10.44,7.25
49043,29.95,10.44,7.25
49045,27.79,10.44,7.25
49047,27.69,10.44,7.25
49049,27.6,10.44,7.25
49051,28.84,10.44,7.25
49053,27.84,10.44,7.25
49055,26.09,10.44,7.25
49057,28.3,10.44,7.25
49180,26.43,10.44,7.25
49340,27.4,10.44,12.75
49420,26.21,10.44,13.5
49620,25.53,10.44,7.25
49660,25.12,10.44,8.7
49700,30.96,10.44,12
49740,26.73,10.44,12
50001,29,10.44,10.96
50003,28.08,10.44,10.96
50005,27.65,10.44,10.96
50007,32.72,10.44,10.96
50009,26.82,10.44,10.96
50011,32.72,10.44,10.96
50013,32.72,10.44,10.96
50015,28.86,10.44,10.96
50017,28.47,10.44,10.96
50019,26.96,10.44,10.96
50021,28.13,10.44,10.96
50023,29.21,10.44,10.96
50025,28.73,10.44,10.96
50027,28.68,10.44,10.96
51001,27.06,10.44,7.25
51003,30.41,10.44,7.25
51005,26.69,10.44,7.25
51007,28.98,10.44,7.25
51009,27.27,10.44,7.25
51011,27.27,10.44,7.25
51013,33.58,10.44,7.25
51015,27.82,10.44,7.25
51017,26.63,10.44,7.25
51019,27.27,10.44,7.25
51021,26.51,10.44,7.25
51023,27.43,10.44,7.25
51025,27.27,10.44,7.25
51027,26.51,10.44,7.25
51029,26.76,10.44,7.25
51031,27.27,10.44,7.25
51033,28.98,10.44,7.25
51035,26.51,10.44,7.25
51036,28.98,10.44,7.25
51037,26.51,10.44,7.25
51041,28.98,10.44,7.25
51043,33.58,10.44,7.25
51045,27.43,10.44,7.25
51047,28.63,10.44,7.25
51049,28.52,10.44,7.25
51051,26.51,10.44,7.25
51053,28.98,10.44,7.25
51057,28.2,10.44,7.25
51059,33.58,10.44,7.25
51061,33.58,10.44,7.25
51063,26.51,10.44,7.25
51065,30.41,10.44,7.25
51067,26.53,10.44,7.25
51069,28.74,10.44,7.25
51071,26.64,10.44,7.25
51073,29.51,10.44,7.25
51075,28.98,10.44,7.25
51077,26.51,10.44,7.25
51079,30.41,10.44,7.25
51081,27.26,10.44,7.25
51083,26.51,10.44,7.25
51085,28.98,10.44,7.25
51087,28.98,10.44,7.25
51089,26.51,10.44,7.25
51091,26.51,10.44,7.25
51093,29.51,10.44,7.25
51095,29.51,10.44,7.25
51097,27.73,10.44,7.25
51099,29.34,10.44,7.25
51101,28.98,10.44,7.25
51103,28.51,10.44,7.25
51105,26.51,10.44,7.25
51107,33.58,10.44,7.25
51109,28.31,10.44,7.25
51111,26.51,10.44,7.25
51113,28.25,10.44,7.25
51115,29.51,10.44,7.25
51117,26.71,10.44,7.25
51119,28.32,10.44,7.25
51121,28.49,10.44,7.25
51125,30.41,10.44,7.25
51127,28.98,10.44,7.25
51131,27.48,10.44,7.25
51133,26.84,10.44,7.25
51135,26.98,10.44,7.25
51137,27.79,10.44,7.25
51139,26.69,10.44,7.25
51141,26.51,10.44,7.25
51143,26.51,10.44,7.25
51145,28.98,10.44,7.25
51147,27.87,10.44,7.25
51149,28.98,10.44,7.25
51153,33.58,10.44,7.25
51155,26.56,10.44,7.25
51157,29.2,10.44,7.25
51159,27.76,10.44,7.25
51161,27.43,10.44,7.25
51163,27.1,10.44,7.25
51165,27.85,10.44,7.25
51167,26.51,10.44,7.25
51169,26.51,10.44,7.25
51171,27.4,10.44,7.25
51173,26.51,10.44,7.25
51175,27.25,10.44,7.25
51177,33.58,10.44,7.25
51179,33.58,10.44,7.25
51181,26.78,10.44,7.25
51183,28.98,10.44,7.25
51185,26.54,10.44,7.25
51187,28.66,10.44,7.25
51191,26.51,10.44,7.25
51193,27.67,10.44,7.25
51195,26.51,10.44,7.25
51197,26.54,10.44,7.25
51199,29.51,10.44,7.25
51510,33.58,10.44,7.25
51520,26.51,10.44,7.25
51530,27.1,10.44,7.25
51540,30.41,10.44,7.25
51550,29.51,10.44,7.25
51570,28.98,10.44,7.25
51580,26.69,10.44,7.25
51590,26.51,10.44,7.25
51595,27.26,10.44,7.25
51600,33.58,10.44,7.25
51610,33.58,10.44,7.25
51620,27.25,10.44,7.25
51630,33.58,10.44,7.25
51640,26.51,10.44,7.25
51650,29.51,10.44,7.25
51660,27.85,10.44,7.25
51670,28.98,10.44,7.25
51678,27.1,10.44,7.25
51680,27.27,10.44,7.25
51683,33.58,10.44,7.25
51685,33.58,10.44,7.25
51690,26.51,10.44,7.25
51700,29.51,10.44,7.25
51710,29.51,10.44,7.25
51720,26.51,10.44,7.25
51730,28.98,10.44,7.25
51735,29.51,10.44,7.25
51740,29.51,10.44,7.25
51750,28.49,10.44,7.25
51760,28.98,10.44,7.25
51770,27.43,10.44,7.25
51775,27.43,10.44,7.25
51790,27.82,10.44,7.25
51800,29.51,10.44,7.25
51810,29.51,10.44,7.25
51820,27.82,10.44,7.25
51830,29.51,10.44,7.25
51840,28.74,10.44,7.25
53001,24.71,10.44,13.5
53003,25.24,10.44,13.5
53005,26.72,10.44,13.5
53007,26.48,10.44,13.5
53009,26.4,10.44,13.5
53011,29.44,10.44,13.5
53013,26.13,10.44,13.5
53015,26.01,10.44,13.5
53017,26.48,10.44,13.5
53019,24.92,10.44,13.5
53021,26.72,10.44,13.5
53023,24.33,10.44,13.5
53025,25.09,10.44,13.5
53027,25.15,10.44,13.5
53029,27.05,10.44,13.5
53031,26.26,10.44,13.5
53033,33.49,10.44,13.5
53035,28.11,10.44,13.5
53037,26.19,10.44,13.5
53039,25.69,10.44,13.5
53041,25.84,10.44,13.5
53043,24.29,10.44,13.5
53045,26.44,10.44,13.5
53047,24.99,10.44,13.5
53049,25.51,10.44,13.5
53051,25,10.44,13.5
53053,28.86,10.44,13.5
53055,27.68,10.44,13.5
53057,27.52,10.44,13.5
53059,29.44,10.44,13.5
53061,33.49,10.44,13.5
53063,25.52,10.44,13.5
53065,24.32,10.44,13.5
53067,27.27,10.44,13.5
53069,24.8,10.44,13.5
53071,26.41,10.44,13.5
53073,27.3,10.44,13.5
53075,25.32,10.44,13.5
53077,26.21,10.44,13.5
54001,25.86,10.44,8.75
54003,27.94,10.44,8.75
54005,25.94,10.44,8.75
54007,25.86,10.44,8.75
54009,26.1,10.44,8.75
54011,26.91,10.44,8.75
54013,25.9,10.44,8.75
54015,27.08,10.44,8.75
54017,26.01,10.44,8.75
54019,25.89,10.44,8.75
54021,25.86,10.44,8.75
54023,25.86,10.44,8.75
54025,26.36,10.44,8.75
54027,28.49,10.44,8.75
54029,26.1,10.44,8.75
54031,25.86,10.44,8.75
54033,26.69,10.44,8.75
54035,25.86,10.44,8.75
54037,27.57,10.44,8.75
54039,27.08,10.44,8.75
54041,26.17,10.44,8.75
54043,26.07,10.44,8.75
54045,25.86,10.44,8.75
54047,25.86,10.44,8.75
54049,26.93,10.44,8.75
54051,26.4,10.44,8.75
54053,25.86,10.44,8.75
54055,25.86,10.44,8.75
54057,26.23,10.44,8.75
54059,26.08,10.44,8.75
54061,27.43,10.44,8.75
54063,25.86,10.44,8.75
54065,26.52,10.44,8.75
54067,25.86,10.44,8.75
54069,26.4,10.44,8.75
54071,25.86,10.44,8.75
54073,26.17,10.44,8.75
54075,25.86,10.44,8.75
54077,27.43,10.44,8.75
54079,27.68,10.44,8.75
54081,26.52,10.44,8.75
54083,26,10.44,8.75
54085,25.86,10.44,8.75
54087,25.86,10.44,8.75
54089,25.86,10.44,8.75
54091,25.99,10.44,8.75
54093,25.86,10.44,8.75
54095,26.03,10.44,8.75
54097,26.19,10.44,8.75
54099,26.91,10.44,8.75
54101,26.19,10.44,8.75
54103,25.86,10.44,8.75
54105,26.52,10.44,8.75
54107,26.52,10.44,8.75
54109,25.86,10.44,8.75
55001,26.55,10.44,7.25
55003,26.41,10.44,7.25
55005,26.44,10.44,7.25
55007,26.71,10.44,7.25
55009,27,10.44,7.25
55011,26.63,10.44,7.25
55013,26.51,10.44,7.25
55015,26.91,10.44,7.25
55017,26.76,10.44,7.25
55019,26.22,10.44,7.25
55021,27.67,10.44,7.25
55023,26.22,10.44,7.25
55025,29.63,10.44,7.25
55027,27.01,10.44,7.25
55029,26.94,10.44,7.25
55031,26.96,10.44,7.25
55033,26.76,10.44,7.25
55035,26.76,10.44,7.25
55037,26.22,10.44,7.25
55039,26.65,10.44,7.25
55041,26.22,10.44,7.25
55043,26.23,10.44,7.25
55045,26.97,10.44,7.25
55047,26.22,10.44,7.25
55049,27.3,10.44,7.25
55051,26.22,10.44,7.25
55053,26.22,10.44,7.25
55055,27.54,10.44,7.25
55057,26.61,10.44,7.25
55059,28.58,10.44,7.25
55061,27,10.44,7.25
55063,27.05,10.44,7.25
55065,26.22,10.44,7.25
55067,26.22,10.44,7.25
55069,26.22,10.44,7.25
55071,26.26,10.44,7.25
55073,26.68,10.44,7.25
55075,26.29,10.44,7.25
55077,26.71,10.44,7.25
55078,26.22,10.44,7.25
55079,27.72,10.44,7.25
55081,27.16,10.44,7.25
55083,26.22,10.44,7.25
55085,26.64,10.44,7.25
55087,26.91,10.44,7.25
55089,27.72,10.44,7.25
55091,26.22,10.44,7.25
55093,29.84,10.44,7.25
55095,27.13,10.44,7.25
55097,26.73,10.44,7.25
55099,26.22,10.44,7.25
55101,27.32,10.44,7.25
55103,26.37,10.44,7.25
55105,27.07,10.44,7.25
55107,26.22,10.44,7.25
55109,29.84,10.44,7.25
55111,27.13,10.44,7.25
55113,26.93,10.44,7.25
55115,26.22,10.44,7.25
55117,26.35,10.44,7.25
55119,26.22,10.44,7.25
55121,26.44,10.44,7.25
55123,26.39,10.44,7.25
55125,26.43,10.44,7.25
55127,27.57,10.44,7.25
55129,26.58,10.44,7.25
55131,27.72,10.44,7.25
55133,27.72,10.44,7.25
55135,26.33,10.44,7.25
55137,26.22,10.44,7.25
55139,26.75,10.44,7.25
55141,26.52,10.44,7.25
56001,25.41,10.44,7.25
56003,24.84,10.44,7.25
56005,26.5,10.44,7.25
56007,25.91,10.44,7.25
56009,25.54,10.44,7.25
56011,25.59,10.44,7.25
56013,25.52,10.44,7.25
56015,25.42,10.44,7.25
56017,25.31,10.44,7.25
56019,26.55,10.44,7.25
56021,26.42,10.44,7.25
56023,25.77,10.44,7.25
56025,26.25,10.44,7.25
56027,24.84,10.44,7.25
56029,25.75,10.44,7.25
56031,24.84,10.44,7.25
56033,25.89,10.44,7.25
56035,25.31,10.44,7.25
56037,25.72,10.44,7.25
56039,28.51,10.44,7.25
56041,24.84,10.44,7.25
56043,24.84,10.44,7.25
56045,26.02,10.44,7.25
